journalist_explanation,generated_explanation,objective_difference
"The CBO says there could be the equivalent of 800,000 fewer workers in connection with Obamacare, the changes in federal health-care laws ushered into place by Obama.But these changes would not be due to employers not hiring workers. Rather, such results were predicted primarily because workers wouldn't have to work because health care coverage would be expanded. People working mostly for health insurance would either reduce their hours or leave the job market altogether. There could also be more economic productivity because of the health care law.We rate Williams’ claim Mostly False.","The evidence shows that the Congressional Budget Office (CBO) did not conclude that ObamaCare would cost the U.S. more than 800,000 jobs. Instead, the CBO report stated that the legislation would reduce ""the amount of labor used in the economy"" by a small amount, primarily due to workers choosing to work less because they have other health insurance options. The CBO also noted that this effect was not clear-cut and that many people would be unaffected by the provisions of the law. The 800,000 jobs number is an extrapolation based on half a percent of the labor force, which the CBO's director confirmed in his testimony but stated might not be precise.",0.5551357967618071
"O’Reilly said that more than 50 percent of immigrants from El Salvador, Guatemala and Honduras use at least one welfare program. That’s correct when looking at households and use a broad definition of ""welfare,""experts told us. But looking at individuals would produce a different, lower percentage. Also, there is a wide disparity depending on what particular welfare program you’re looking at. The statement is accurate but needs additional information. We rate it Mostly True.","The evidence suggests that the claim ""more than 50 percent of immigrants from El Salvador, Guatemala and Honduras use at least one major welfare program once they get here"" may be true, as stated by Bill O'Reilly and supported by data from the Center for Immigration Studies. However, immigration researchers point out caveats in how the data is calculated, particularly with regards to including entire households in the tally when only one member receives a benefit, such as food stamps or Medicaid for children. This could lead to an overestimation of welfare usage among immigrants. Additionally, it's noted that the difference in welfare usage between immigrants and natives depends on the specific program, and that the use of cash welfare programs is roughly similar between immigrants and natives.",0.614932627563017
"Associated Media Coverage said, ""pet owners within Texas, Arizona and Missouri...are expected to surrender any pets in excess of the mandatory ‘2-pet maximum’ to their local Humane Society."" That’s a ridiculous and unfounded claim. We rate it as Pants on Fire! ","The evidence provided includes statements from experts and officials dismissing the claim as a hoax, including Cheylin Parker, Humane Society spokeswoman, and Daniel Scarpinato, spokesman for Arizona Gov. Doug Ducey's office. Additionally, Snopes website has debunked the claim, noting that the Associated Media Coverage website appears to be unreliable. This information suggests that there is no truth to the claim about two-pet limit laws in Arizona, Missouri, and Texas.",0.48952046728903253
"Hastings is correct that the Seven Years’ War caused multiple countries, including Great Britain, to plunge into debt. In order to pay it off, Great Britain taxed the American colonies. Hastings said revolution was ""fueled"" by this taxation. This is true, but it does miss some key context because the colonies’ lack of representation was just as important as the excess of taxation. Because they were not represented in Parliament and thus taxed without any input, the colonists felt like second-class citizens and started their battle for equality that ultimately resulted in independence. Therefore, we rate this statement Mostly True. This story was produced by the North Carolina Fact-Checking Project, a partnership of McClatchy Carolinas, the Duke University Reporters’ Lab and PolitiFact. The NC Local News Lab Fund and the International Center for Journalists provide support for the project, which shares fact-checks with newsrooms statewide. To offer ideas for fact checks, email[emailprotected].","The evidence provided includes quotes from historians Kathleen DuVal and Wayne E. Lee, which support the claim that the need to raise taxes by Britain after the Seven Years' War led to a fueling of the American desire for independence due to a lack of representation in Parliament. Additionally, the text states that ""The new taxes that Parliament passed to pay down the Seven Years’ War debt were an important cause of the Revolution,"" further supporting the claim.",0.6092048877108414
"Our sense is that Paul’s figure originated in the NCSL press release saying that legislatures in 2011 passed more than 40,000 bills and resolutions into law. From the top, Paul's reference is a little misleading, considering that he was stumping for federal office and followed his statement by railing against the Federal Register. Clarification is needed.Most significantly, it looks like 40,000 proposals did not pass into law, not in all of 2011 and certainly not on a single day, contrary to Paul's statement. Also, it looks like many of the proposals were non-statutory resolutions.We rate Paul's claim as False.","The National Conference of State Legislatures' (NCSL) press release, which likely served as the basis for Ron Paul's figure of 40,000 new laws, includes both bills and resolutions. However, upon closer examination, it was found that resolutions often lack significance, and separating bills from resolutions is not possible. Furthermore, other entities such as the Council of State Governments and StateScape reported much lower numbers: 14,227 (bills only) by CSG in 2010 and 18,562 (bills excluding non-statutory resolutions) by StateScape in 2011.",0.5858919134265498
"Nugent said a man squatting behind five heads had been set free by President Barack Obama to secure the freedom of an American soldier. The photo first appeared in mid March, two months before the prisoner swap. Nugent had plenty of opportunity to learn that the photo was not of one of the five released prisoners. He posted it two days after the connection to the Guantanamo detainees had been debunked. We rate the claim Pants on Fire.","The evidence shows that the man in the photo was identified as Khalid K. from Almere, Netherlands, and not one of the five Taliban leaders released from Guantanamo Bay, including Mohammad Fazl. Additionally, news accounts and articles from de Volkskrant and other sources confirm that the image was tweeted by Abdurahman on March 15, over two months before the Taliban prisoners were released.",0.48289734849563015
"Smith said that there are half as many primary-age children out of school today as there were 15 years ago. That’s a bit high. Smith took the words in an UN report that described the gains as ""almost half"" and dropped the qualifier. That would be a minor issue except the UN language itself was based on a projection that runs counter to the findings of the UN’s main agency on education, UNESCO. Based on hard data, the actual number is about 40 percent, and most important, the trend since 2010 is negative. We also note that the global figure masks large regional differences where progress has been absent or much more limited. The statement is partially accurate but leaves out important details. We rate it Half True.","The evidence provided shows that while there has been progress in reducing the number of children out of school, it is not true that there are half as many children out of school today as there were 15 years ago. According to UNESCO's data, the decline from 2000-13 was only 40 percent, and the report flags that progress has stalled since 2007 with a warning that achievements on primary enrollment could begin to erode. Additionally, current trends may be negative due to regional variations and ongoing challenges such as conflict, poverty, and inequality.",0.5719238955096194
"In a legislative hearing, Rice claimed that Newark funds ""80 percent of the school budget from local property taxes.""Of a $970 million budget, more than $106 million, or about 11 percent, is raised from local taxes. State aid, grants and entitlements account for most of the budget, at $775 million. That’s nearly 80 percent.We rate the statement False. To comment on this ruling, to go NJ.com.","According to budget documents, local taxes account for 11 percent of the Newark Public Schools' overall budget in the 2011-2012 fiscal year, which contradicts Sen. Rice's claim that they pay 80 percent of the school budget from local property taxes.",0.7720497326417403
"Hayes said the Obama administration ""went to court to keep one of these five in jail at Guantanamo just three years ago because he was such a huge risk."" We’re not assessing whether the Obama and the Pentagon viewed Khairkhwa as a ""risk"" if he was released. We’re looking at the rationale Hayes offered as to why the Obama administration went to court. Hayes said a 2011 court case was evidence of a ""conflict"" in the administration’s story. Actually, that court case had nothing to do with Khairkhwa's risk level. In fact, the court explicitly said assessing whether Khairkhwa was a threat if released wasn’t a factor at all. Instead, the administration was simply confirming that Khairkhwa was tied to the Taliban after he claimed that he was being held illegally. Hayes is right that the Obama administration argued to keep Khairkhwa in Guantanamo, but he misrepresented why they did so. We rate his statement Half True.","While some evidence suggests that Mullah Khairullah Khairkhwa was labeled as ""high risk"" by the Department of Defense, this label does not necessarily mean that he was considered such a huge risk in 2011 or at the time of his appeal. In fact, the court case cited in support of the administration keeping him detained actually centers around proving his affiliation with the Taliban and al-Qaida, rather than assessing whether he poses a threat if released. Additionally, the Obama administration did have varying opinions on Khairkhwa's risk level within the administration itself, indicating that the situation is more complex than Hayes' statement suggests.",0.6158253632651436
"Prior to Clinton's current bout with pneumonia, bloggers reported that ""71 percent of doctors say Hillary's health concerns are 'serious' and 'could be disqualifying.' "" There was no national, scientific poll of doctors. The online poll surveyed physicians on the email list of a very conservative/libertarian medical group, which is significant information missing from the group's news release. The flaws are too serious for this survey to have credibility as an indication of how doctors feel about Hillary Clinton's health and how it affects her ability to be president. We rate this claim False.","The claim that 71 percent of doctors say Hillary's health concerns are ""serious"" and ""could be disqualifying"" is false because the poll was conducted by a small conservative/libertarian medical group, the Association of American Physicians and Surgeons (AAPS), which has a largely conservative or libertarian membership. Only 3,700 known physicians on its email list were invited to participate in the Survey Monkey poll, resulting in only 250 responses out of 1,050 people who opened the email. The sample size is far from representative of all doctors, and the survey's poor design raises doubts about its validity.",0.6103334755064493
"O’Rourke said some years in El Paso, ""in a city of almost 700,000, we had five murders the entire year. Our average over the last 10 years is 18 (murders per year). We exceeded that average just on one day"" after a gunman opened fire at a Walmart in the city. Let’s take this statement piece by piece. El Paso’s population was approximately 682,669 in 2018, according to U.S. Census estimates. In 1964 and 2010, five murders were recorded over the year in the city. The average number of murders per year in the city was 18.1 over the past 10 years. On Saturday, 20 people were killed and more than two dozen were injured after a gunman opened fire at a Walmart in El Paso. Two people died later at the hospital. We rate this claim True. TRUE – The statement is accurate and there’s nothing significant missing.","O'Rourke claims that some years in El Paso had as few as five murders, but the evidence provided shows that in fact there were only two instances of this, one in 1964 and another in 2010. Additionally, while it is true that the average number of murders per year in El Paso over the last 10 years (2008-2018) is around 18, O'Rourke also mentions that on a single day, the city exceeded this average. However, the evidence does not provide information about what specifically happened on that particular day, making it unclear whether his claim is true or false.",0.6557291885522696
":Biden’s numbers were high to leave room for unaccounted costs, as his office acknowledges. The vice president’s $2 billion figure is nearly double the $1.1 billion reported by the Pentagon and largely supported by military analysts. But, those same analysts note that there are other costs related to military actions that often are not reported.Nevertheless, even the higher number supports Biden’s deeper point. The military intervention in Libya -- in addition to not resulting in a single American military fatality -- cost the country less than 1 percent what the Pentagon has spent in Iraq and Afghanistan. We rate Biden’s claim Mostly True.","The evidence indicates that while Biden is correct about there being no fatalities among American soldiers, his claim that America spent $2 billion total on the intervention in Libya is disputed by his own office. They acknowledge that the figure was ""on the high side"" and instead point to a Department of Defense estimate of $1.1 billion through September 30, 2011. This suggests that Biden's claim is an exaggeration or approximation, rather than an accurate statement.",0.6247451140847005
"Paul said that ""for every Kentuckian that has enrolled in Obamacare, 40 have been dropped from their coverage."" That’s not mathematically possible. If you take the narrowest definition of ""sign-ups,"" there would have to be 3.3 million cancellations in the state for Paul’s statement to be accurate -- and there aren’t even that many Kentuckians with private insurance plans that could theoretically be canceled. In fact, it’s reasonable to argue that more people in Kentucky have coverage through Obamacare than have been canceled. Paul’s statement is so wildly off that we rate it Pants on Fire. UPDATE, May 6, 2014: After we published this item, Paul’s office contacted us to explain how they calculated the 40-to-1 ratio of cancellations to signups. The office said that ""the numbers he used were accurate as of November of last year"" but that staffers failed ""to update the numbers for the newsletter."" Specifically, Paul’s office said that a Nov. 8, 2013, news release from the Kentucky governor’s office reported that 7,011 Kentuckians had enrolled in a private health plan through Nov. 8, compared to the 280,000 Kentuckians who the state believed at the time might be subject to cancellation notices. However, in the six months since, the number of private-plan signups has soared by a factor of 10, while the state released a smaller estimate of cancellation notices (168,000). Even in November, Paul’s estimate was cherry-picked; it excluded the 33,561 Kentuckians who enrolled in Medicaid, a program that saw its eligibility expanded under Obamacare. Even though the new numbers were available to Paul’s staff at the time the newsletter was put together, Paul’s office counted only the first two months of signups and ignored the final six months, a period when enrollment rose steadily. Our ruling stands: Pants on Fire.","The evidence provided shows that the number of cancellations in Kentucky (130,000-168,000) is far lower than 40 times the number of Kentuckians who have enrolled in Obamacare (413,410). Additionally, even using the smaller number of private-insurance signups (82,795), the discrepancy between cancellations and enrollment is not 40 times as big, but rather only twice as big.",0.6814100142919792
"Obama said that Trump’s ""foundation took money other people gave to his charity and then bought a six-foot-tall painting of himself."" Fahrenthold verified the anecdote about the painting with the painter, and his reporting found that, at the time the painting was auctioned, the vast majority of funds in the foundation’s coffers were from other people, not Trump. Based on the information available, the story seems solid. We rate Obama’s statement True.","The evidence provided by David Fahrenthold's article in the Washington Post and corroborated by the White House confirms that nearly all of the money in Donald Trump's foundation came from people other than himself, and that he used this money to buy a six-foot-tall painting of himself at an auction event.",0.7707556394108555
"Mack said Nelson voted to cut $700 billion out of Medicare, to pay for Obamacare.Medicare spending increases under Obamacare, but over 10 years, it rises more slowly that it would without the law. The money comes from reducing payments to insurance companies and hospitals.Part of the savings go to reduce prescription drug payments for Medicare recipients, as well as to provide free preventive care.Overall, the lower spending extends the solvency of Medicare by eight years.We rate the statement Mostly False.","According to PolitiFact, the Affordable Care Act reduces Medicare outlays by $716 billion, not $700 billion, as claimed. This reduction is achieved through changes in payments to insurance companies and hospitals, rather than direct cuts to beneficiaries' coverage. Additionally, the law projects that the overall Medicare budget will go up for the foreseeable future.",0.6359802445081565
"Texas Right to Life said, ""In 2005, Dan Branch tried to expand third-trimester abortions in Texas."" TThis statement would hold up if Branch's amendment loosened established limits. To the contrary, lawmakers including Branch embraced specific restrictions superseding a broad limit stating that any fetus with a severe, irreversible abnormality could be aborted in the third trimester. If Branch's proposal had been adopted, such abortions could have taken place if a fetus had a severe irreversible impairment to the brain or--Branch’s wrinkle--another vital organ. The bottom line is Branch’s proposal would have restricted such abortions more than they'd been limited, which makes this claim False. FALSE – The statement is not accurate. Click here for more on the six PolitiFact ratings and how we select facts to check. CLARIFICATION, 4:50 p.m., April 25, 2014: We added some details to the body of this article and revised the section on our ruling. The rating did not change.","The evidence shows that Dan Branch's amendment would have added an exception to an abortion restriction, allowing third-trimester abortions if a viable unborn child had irreversible damage to vital organs. However, this addition did not expand access to late-term abortions, as the existing law already allowed for third-trimester abortions under certain circumstances, including the mother's mental health. Therefore, it is inaccurate to say that Branch tried to expand third-trimester abortions in Texas.",0.6882083813349407
"At the hearing, Chaffetz presented a chart that showed the number of abortions at Planned Parenthood rising higher than the number of preventive services and cancer screenings between 2006 and 2013. But that’s inaccurate, disputed by the chart’s own, hard to read numerical labels. In fact, there were three times as many cancer screenings and prevention services as abortions in 2013. Experts in data presentation said this was an egregious example of using a chart to mislead. We rate the claim Pants on Fire.","The evidence shows that according to Planned Parenthood's annual reports from 2006 to 2013, the number of abortions performed has held relatively steady with marginal increases and a peak in 2009, while the organization now provides fewer cancer screenings and preventive services. Medical experts attribute the decline in cancer screenings to changing health guidelines rather than Planned Parenthood prioritizing abortions.",0.6260247638731292
"Shaheen said Trump’s Mexico City policy has a much broader reach compared to past Republican presidents, putting 15 times as much money ""at risk,"" as well as millions of women and families. On paper, the numbers support that comparison. Previous Republican administrations applied the abortion funding policy to family planning programs, which amount today to about $600 million. Trump included all global health spending, which is nearly $10 billion. There is no question Trump’s approach is broader and that millions more people could be affected. The White House has not clarified how it will interpret the policy. Its reach could be much narrower than the full scope of global programs, but Shaheen included the caveat that certain dollars were ""at risk,"" not that they definitely would be affected. It’s also true that organizations facing funding cuts could drop activities related to abortion and the funds would continue to flow. Given what we know so far, we rate this claim Mostly True. ","According to the evidence provided by experts such as Jennifer Kates, director of global health policy at the Kaiser Family Foundation, Trump's Mexico City policy applies to ""global health assistance furnished by all departments or agencies"" without exceptions. This includes programs that were previously exempted, like PEPFAR, which dwarfs other programs in terms of funding. While there is uncertainty surrounding the exact impact of the order and how it will be interpreted, data gathered by the Institute for Health Metrics and Evaluation shows that Trump's policy affects around 15 times more funding than previous similar policies by Republican presidents.",0.45667674769525946
"Esshaki claims that 100,000 nurses and doctors would disappear under Stevens’ ""plan for socialized medicine."" The studies Esshaki’s campaign shared make problematic assumptions and were from a group lobbying against Medicare for All. While Stevens has supported Medicare for All in the past, her current position is for a public option, and she told PolitiFact Michigan that she does not support Medicare for All. The ad comes up short in offering a fair characterization of Stevens’ views and a credible assessment of the impact of her health care policies. We rate its claims Mostly False.","The claim that Haley Stevens' plan for ""socialized medicine"" would ""eliminate 100,000 doctors and nurses"" is based on a report funded by Partnership for America's Health Care Future (PAHCF), which lobbies against Medicare for All. However, this report was not referred to in relation to Stevens' public option proposal, but rather to her past support for Medicare for All. Additionally, the reports cited in support of the claim, including one from FTI Consulting and another from PAHCF, assume worst-case scenarios regarding the effects of Medicare for All or a public option on healthcare professionals, which may not accurately reflect Stevens' actual proposals. Furthermore, experts disagree about the potential job losses under Medicare for All, with some predicting significant layoffs but also arguing that most would be in administrative roles rather than among doctors and nurses.",0.567251761022367
"Hinojosa said that if the abortion legislation passed, an El Paso resident would have to make a 550-mile trip to San Antonio for simple services like a cervical cancer screening. That’s not so; such services will continue to be available in El Paso, local experts say. This statement misses the mark so badly, it’s ridiculous. Pants on Fire! UMC-El Paso women’s health clinics Click here for addresses and contact information for the University Medical Center of El Paso Hospital’s seven Women’s Health Centers. Clinics in state Breast and Cervical Cancer Services program This state program has three main providers in El Paso -- Centro San Vicente, Project Vida and Centro de Salud Familiar La Fe -- and several satellite clinics. Click here to map such clinics across Texas. El Paso-area clinics providing health services free or at reduced cost for eligible women through the Breast and Cervical Cancer Services program.","According to multiple sources, including Adriana Valdes from the Cancer and Chronic Disease Consortium and Theresa Byrd from Texas Tech University's Paul L. Foster School of Medicine in El Paso, there are various organizations and institutions in El Paso that can provide access to cervical cancer screenings, such as clinics, hospitals, health fairs, and federally qualified health centers, making it possible for women to receive these services without having to drive 550 miles to San Antonio.",0.7425408843938295
"A video by Credo Action saidthe Obama administration is ""proposing to mine another 10 billion tons of Wyoming coal, which would unleash three times more carbon pollution than Obama's Clean Power Plan would even save through 2030."" Burning 10 billion tons of coal over the next 15 years would unleash more carbon pollution than the federal clean energy regulations expect to save in the same period of time. However, burning that much coal in that timeframe is unrealistic, and, more importantly, the government has not made such a proposal. Rather, the 10 billion tons figure refers to an estimate -- developed solely for analysis -- of the maximum amount of coal that could be available for mining in a particular region of Wyoming over the next 20 years. Credo’s statement contains an element of truth but ignores critical facts that would give a different impression, so we rate it Mostly False. Correction, Sept. 8, 2015:We revised the explanation of Greenpeace's estimate of the Clean Power Plan's emission reductions by 2030 to reflect that the organization's estimate is cumulative over 15 years, while the EPA's estimate is annual.","According to the Bureau of Land Management's own spokeswoman Kristen Lenhardt, the 10.2 billion tons of coal estimate is an ""outer-bounds estimate"" generated solely for analysis purposes and represents the maximum amount of development possible within a 20-year timeframe. The actual number of leases and acres developed will be affected by various regulatory steps and market demand shifts, making it highly unlikely that actual development will come close to this number.",0.5104372492114317
"O’Reilly got the $16 muffin story from a lengthy and thorough report issued by an independent inspector general. Additionally, the ""$16 muffin"" is how the inspector general phrased its charge of excessive spending.We reviewed the long report, and it seems to be thorough and independent, as are most reports from inspectors general. The report’s main findings are that the government is paying for items that appear too costly when invoices are reviewed. Even if the $16 muffin is fiction, then it seems reasonable to believe that the Justice Department’s own spending records are incomplete or inaccurate.On the other hand, a full reading of the report showed the $16 muffins included beverages and possibly fruit, as well as meeting space. While a $16 breakfast is no bargain, it’s not as bad as $16 for a solitary baked good.Also, O’Reilly made his remarks to Jon Stewart on Sept. 28, after Hilton issued its first statement on Sept. 23 saying the invoices may not have been complete. So the report was under question when O’Reilly debated Stewart. (We contacted O’Reilly for comment, but we didn’t hear back.)Because the federal government didn't pay $16 for a muffin even if it paid too much for breakfast, we rate O’Reilly’s statement Mostly False.","The evidence provided from the inspector general's report states that the $4,200 invoiced to the department for 250 muffins actually included additional food and beverage items such as coffee, tea, and fruit. The hotel's statement explaining their billing practices supports this interpretation. Therefore, the claim that the government ""ordered 250 muffins at 16 bucks a piece"" is inaccurate.",0.5765798720907658
"Cruz said Donald Trump has written 10 checks to Hillary Clinton ""and four of those checks were not to her Senate campaign. … It was to her presidential campaign."" He has a point that Trump has made multiple campaign donations to Clinton, but he overstated the amounts. Trump ended up making five donations worth $4,100 to Clinton’s Senate campaign, and two donations worth $2,300 to her presidential campaign. The presidential donations were eventually refunded in their entirety. We rate Cruz’s statement Half True.","According to the evidence provided, Donald Trump has written 7 checks to Hillary Clinton, not 10. Additionally, only 2 of these checks were to her presidential campaign, not 4. The other donations were made to her Senate campaign.",0.6566132724285126
"Warner said, ""Right now, America has $1.1 trillion of student debt. That’s more than credit card debt."" His figure on student debt is accurate and total U.S. credit card debt in the first quarter of this year was $659 billion. We rate Warner’s statement True.","The evidence provided shows that the Federal Reserve Bank of New York's data from the first quarter of 2014 indicates that student loan debt totaled $1.1 trillion, while credit card debt hit $659 billion. This confirms Senator Mark Warner's claim that ""Right now, America has $1.1 trillion of student debt. That’s more than credit card debt.""",0.8396953552299076
"The Democratic legislators wrote that nearly 45 percent of women who received health screenings through the targeted family-planning program in fiscal 2010 had them at Planned Parenthood clinics. That could be so, but we identified a couple of unsettled hitches. According to the state, 46 percent of the cited program’s clients went to a Planned Parenthood clinic, but the state has no breakdown of the number of women who were screened overall, which is what the Democrats focused on. Also, the Democrats’ statement implies that 46 percent of women rely on Planned Parenthood exclusively for screenings, but some women included in the 46 percent could have had screenings at a different kind of clinic, though (again) such details are not available. We rate the claim Half True.","The evidence provided shows that 49,162 (or 46.1%) of the 106,711 women served by the Women's Health Program in fiscal 2010 received a service from a Planned Parenthood clinic, but it is unclear if all these services were health screenings or if some clients received exams and screenings from both Planned Parenthood and non-Planned Parenthood providers.",0.7358117956381578
"Republican congressional candidate Brendan Doherty said to Cicilline, ""The Providence Economic Development Partnership . . . which you chaired, loaned $103,000 in taxpayer funds to one of your campaign workers. The worker never paid back the loan.""It’s true the worker, Ramirez, never paid back the loan. However, Doherty’s statement implies the city got nothing back when in fact it recouped most of his loan obligation.Because the statement is accurate but needs clarification or additional information, we rate it Mostly True.","The evidence provided shows that the Providence Economic Development Partnership, which David Cicilline chaired, loaned $103,000 to Erasmo Ramirez, a campaign worker of Cicilline's, for his business venture. While it was initially reported that the loan was repaid in full, further investigation revealed that Ramirez never actually paid back the loan directly, but rather through the title insurance company after the development agency received a check to cover most of the debt and waived the remaining amount owed due to bankruptcy proceedings.",0.6444920359363019
"Fan said every dollar of foreign aid for agricultural research ""will bring $4 in trade with the countries and the United States ... generating employment back in the U.S."" A 1996 article supports most of that assertion except for the part about all the trade being with the United States. However, that article is 20 years old and we could find no other study that mirrored its findings. The leading agricultural researchers we reached told us that in some countries, that general result might come about, but it varies from place to place and it is difficult to show the connection to foreign aid in the agricultural research sector. So Fan went too far on three points: the 4-to-1 payback, the amount of trade with the United States and the idea that this general rule applies to most countries when it is actually less predictable. We rate this claim Mostly False.","The evidence suggests that there is no clear or consistent relationship between foreign aid for agricultural research and increased exports for American firms. While Fan cites a 1996 article suggesting that every $1 invested in agricultural research can bring $4.39 in additional imports, other studies have failed to replicate this finding, including the 2006 analysis from the Australian Centre for International Agricultural Research, which found a more modest 1-to-1 payback on trade. Furthermore, experts interviewed by the publication expressed skepticism about Fan's claim, with some noting that while foreign aid can lead to increased productivity and rising incomes in developing countries, there is no clear causal chain linking this to increased exports for American firms.",0.6291419308824637
"Brooks said, ""We have at least 200,000 to 300,000 hate crimes in a given year."" Looking at the National Crime Victimization Survey does confirm his claim, with a 2012 report finding nearly 300,000 estimated victims of hate crime. And while the FBI’s Uniform Crime Reporting Program, an alternative method of data collection on hate crime, only found around 6,000 reported hate crimes in 2012, experts said it’s widely accepted that crimes are underreported with this method, mainly because of police non-participation and miscategorization. Admittedly, the survey does carry its own flaws related to possible overcounting, but experts tend to agree that it comes closer to accurately estimating the total number of hate crimes. We rate Brooks’statement Mostly True.","The evidence provided, particularly the National Crime Victimization Survey's estimate of 293,800 hate crime victimizations in 2012, supports Brooks' claim that there are at least 200,000 to 300,000 hate crimes in a given year. While the FBI's Uniform Crime Reporting Program reported significantly lower numbers, experts cite underreporting due to agency non-participation and inability of police officers to properly identify hate crimes as contributing factors to this discrepancy.",0.7605182677156785
"Johnson said Israel cut its illegal immigration rate by ""99 percent"" by constructing a 143-mile fence along its southern border. Israeli government data support Johnson’s statement. However, experts say the fence alone is not responsible for the dramatic decrease in illegal immigration, policies have also deterred illegal border crossings. Border security experts also caution about comparing Israel and the United States’ southern borders -- the U.S.-Mexico border is much longer than the Israel-Egypt border, terrain conditions are different and more agents would be needed to monitor the U.S. border. Johnson’s statement is accurate, but needs additional information. We rate it Mostly True.","The evidence provided from multiple sources, including articles from the Jerusalem Post and a report by Sen. Ron Johnson, confirm that Israel did build a 143-mile fence along its southern border with Egypt and that it was successful in reducing illegal immigration from over 16,000 in 2011 to less than 20 in 2016, a decrease of approximately 99%.",0.7137765477842359
"TCE’s handout says thatmost of Austin’s biggest parks have recycling though as ""many as 293 out of 300"" Austin city ""parks have no recycling, including almost every neighborhood park."" City figures support this analysis. The city hasn’t funded a parks recycling program. We rate the statement True. TRUE – The statement is accurate and there’s nothing significant missing. Click here for more on the six PolitiFact ratings and how we select facts to check.","The evidence provided from the Texas Campaign for the Environment handout claims that as many as 293 out of 300 parks have no recycling, while city officials and records indicate that there are some parks with recycling. Additionally, city documents mention a pilot program that has introduced recycling to several large parks and facilities. However, it is also stated by Andrew Dobbs that the campaign is not ""100% certain"" if other parks might have recycling added on an ad hoc basis.",0.6603368249432795
"Obama’s ad is accurate in stating that the president imposed trade sanctions against China in an effort to protect American workers and ""Mitt Romney attacked Obama's decision.""But did the tariffs work? That’s less clear. Romney said the result was ""bad for our workers,"" and there are studies that back him up. Even with tire-making jobs that were saved, one analysis found that the higher price of tires depressed spending on other retail, and ultimately led to a loss in retail jobs.The statement in the ad is accurate, but it needs additional information about the tire tariff’s effect. We rate it Mostly True.","The evidence supports the claim that President Obama imposed a 35% tariff on Chinese tire imports to protect American workers, which was criticized by Mitt Romney as protectionist and bad for the nation. A study by the Peterson Institute for International Economics found that the tariffs saved up to 1,200 domestic jobs, although other analysis suggests that the overall effect of the tariffs may have been negative, resulting in a net loss of around 2,531 jobs.",0.5446332972726704
"A recent segment on The Colbert Report shows Christie emphasizing his work as governor by saying New Jersey has gained ""143,000 new private-sector jobs."" BLS data and an analysis by a Rutgers economics professor back up Christie’s figure, which is rounded up a bit from the actual figure of 142,400 new private-sector jobs created. The governor’s overall point is that private-sector employment in New Jersey is increasing, and he’s right. We rate the statement True. To comment on this story, go to NJ.com.","The evidence provided states that Christie's number is ""generally accurate"" according to the U.S. Bureau of Labor Statistics, with a slight rounding up from 142,400 jobs gained in New Jersey between February 2010 and August 2013. The data also matches employment numbers on the New Jersey Department of Labor and Workforce Development website.",0.5559881940720574
"U.S. Sen. Jack Reed, D-R.I., said, of North Korea: ""They have a substantial standing army, one of the largest, certainly the largest per capita, in the world."" Numerous publicly available documents support his claim. We rate it True.","According to multiple sources, including U.S. Department of Defense reports, Congressional statements, and The Economist's graphic data, North Korea has one of the largest militaries in terms of sheer manpower, ranking fourth behind China, the United States, and India. Additionally, when considering military personnel per capita, North Korea is the most heavily militarized nation with approximately 49 military personnel for every 1,000 citizens.",0.6578579445318742
"The Facebook meme said that ""794 law enforcement officers have fallen in the line of duty since B.H. Obama took office, with no special recognition from the White House."" While the meme offered a reasonable approximation for the number of fallen officers, the meat of its accusation -- that Obama has ignored the suffering of law enforcement officers killed in action -- is demonstrably wrong. We found at least six instances in which Obama honored the lives of fallen officers in writing or in speeches. Archived information about these events was easily available to the public on the White House website, meaning that the meme’s creator was reckless in not taking them into account. We rate the claim Pants on Fire.","The evidence provided shows that there have been instances of White House ""special recognition"" for fallen law enforcement officers during President Obama's term, including multiple presidential proclamations and remarks at memorial services. This contradicts the claim made in the meme that the White House has given no special recognition to fallen officers.",0.6352766580581666
"Contrary to Begala’s claim, Romney was not zeroing in on how he would fare under Ryan’s tax plan when he said he would have paid no taxes the past two years under ""that plan."" He spoke instead to Gingrich’s proposal to eliminate capital gains taxes for all taxpayers -- which Romney does not advocate.Like Gingrich, though, Ryan calls for wiping out the capital gains tax for everyone, leaving this claim with an element of truth. We rate the statement Mostly False. UPDATE, 11:20 am, Aug. 14, 2012: After we posted this article, we were happy to hear back about Begala’s source for his claim. We added that information to the article. Our rating is unchanged.","The evidence shows that during the January 2012 debate, Mitt Romney was referring to a tax plan advocated by Newt Gingrich, which would have set a 0% tax rate on capital gains. He stated that ""Under that plan, I'd have paid no taxes in the last two years."" This is not equivalent to saying his tax rate under Paul Ryan's plan would have been 0%, as Romney was specifically referencing Gingrich's proposal.",0.6791294015836025
"Blackburn exaggerates the number of medical device manufacturing jobs in her district and in the state while citing a free-market advocate’s 2009 study that says 1,000 jobs could be lost statewide.Some of the assumptions made by The Manhattan Institute study have been questioned, and the provisions of the bill itself mean there’s little reason to suspect there would be much off-shoring based on the excise tax. There is also no consensus on how much demand might drop for medical devices produced in Tennessee based on pricing.Taking into account that Blackburn’s office acknowledges she made a mistake in saying ""congressional district"" rather than ""state,"" we rate the statement Mostly False.","The evidence presents conflicting information about the claim made by U.S. Rep. Marsha Blackburn regarding the number of jobs in her congressional district and the potential loss of jobs due to a health-care law tax. While LifeScience Tennessee's survey estimates that 1,000 jobs will be lost in Tennessee if the tax stays on the books, and a study by the Manhattan Institute assumes a loss of 1,023 jobs in Tennessee under certain conditions, it is not clear how many of those jobs are actually located within Blackburn's congressional district. Furthermore, there is debate about the reasonableness of an assumption that production will shift offshore due to the tax, with some studies suggesting that health-related spending is ""relatively inelastic"" and may not respond significantly to price fluctuations.",0.5548447285200421
"GregoryCostantinosaid during a recent ""Newsmakers"" broadcast that Rep. Peter Petrarca had in the past voted for two pieces of auto body shop legislation and therefore his actions amounted to a conflict of interest. The official legislative record shows Petrarca voted on the bills. And considering Petrarca's professional and personal connections to the auto body shop industry, his vote on them posed at least an appearance of conflict of interest. But whether the bills actually help body shops or consumers is debatable. Therefore we rate Costantino's claim:Mostly True.","According to the House Journal records obtained from the State House Library, Rep. Peter Petrarca voted in favor of both Senate bill 0022 (2003) and Senate bill 2508 (2010). These bills specify standards for using aftermarket parts in repairs and require insurance companies to use an independent appraiser when vehicle damage exceeds $2,500. Representative Petrarca's claims that these bills benefit consumers, not body shops, align with the actual provisions of the legislation.",0.5462839168471258
"A Facebook post circulating after the Democratic debate said that O’Rourke can’t buy a gun ""due to his criminal record."" O’Rourke was arrested for two misdemeanors in the 1990s — for burglary and DWI. Both cases were dismissed and he was not convicted of either charge. O'Rourke could have passed a gun-purchase background check and obtained a license to carry once the charges were dismissed. Even if he had been convicted of these charges, he still could purchase a gun today. We rate this claim False.","The evidence shows that O'Rourke's DWI and burglary charges were both dismissed and therefore do not prevent him from purchasing or owning a gun. Additionally, according to Texas law, dismissed charges are not considered disqualifying for obtaining a license to carry a gun.",0.6311439335346222
"On the second night of the Democratic National Convention, Clinton said, ""We moved 100 times as many people out of poverty as moved out when President Reagan was in office, with 40 percent more jobs."" Part of Clinton’s statement (moved 100 times as many out of poverty compared to Reagan) is accurate when analyzed from years presidents took office to last full years in office, but can be incorrect when interpreted from year they took office to the year they left. Also, there was a 40 percent increase in jobs created from Reagan’s terms to Clinton’s. We rate Clinton’s statement Half True.","The evidence provided shows that using Census poverty data from the presidents' first years to their last full year in office, 100 times as many people moved out of poverty during Bill Clinton's administration compared to Ronald Reagan's. Additionally, the numbers support the claim that Clinton's presidency created 40 percent more jobs than Reagan's, with an increase of 21 percent over the eight-year period for Clinton and 18 percent for Reagan.",0.7541641271720498
"Abbott said that 22 times, Obama ""said he did not have the authority to implement this type of"" anti-deportation ""measure. And then the day after he signed this into law, he said, quote, ‘I just changed the law.’"" Like McCaul, Abbott overstates the number of confirmed instances of Obama indicating he couldn’t independently do more to prevent deportations. He also left out some of what Obama said about changing the law and was slightly off on the president’s timing. With these clarifications, though, Abbott’s statement is spot-on. We rate the claim Mostly True. MOSTLY TRUE – The statement is accurate but needs clarification or additional information. Click here for more on the six PolitiFact ratings and how we select facts to check.","While the evidence suggests that President Obama made statements indicating he could not unilaterally ""change the law"" and instead had to work within existing laws, it also shows that he did use language that suggested he was taking action to change the law or applying new priorities in enforcement. The claim's statement of 22 times is disputed, but there are nearly 15 instances confirmed where Obama said he couldn't take further action without congressional approval.",0.5960238753138363
"The federation said there are 9 million to 50 million illegal U.S. residents.At a glance, that’s almost certainly right, though one could similarly say there are zero to 100 million. Too vast a range is misleading.It’s also fair to concede that no one knows the precise number of illegal residents. However, accepted estimates, tied to household surveys and other research, suggest that the likely range tops out at 12 million or so, only one quarter of the federation’s unsupported top-end 50 million figure.We rate this claim as Mostly False.","The evidence presents different estimates of undocumented immigrants living in the United States, ranging from 9 million to 50 million. While some sources, such as the Pew Hispanic Center and Department of Homeland Security, estimate a range of 11-13 million, others, including Joan Neuhaus Schaan's estimate of 50 million, have significantly higher or lower estimates. The validity of these numbers is also questioned by experts, with some pointing out methodological flaws in converting apprehension data to individual counts. As such, it cannot be determined for certain whether the claim of 9-50 million undocumented immigrants living in the United States is true or false based on the evidence provided.",0.5395932921996484
"Weatherford said that about half of Florida residents who would qualify for a Medicaid expansion ""can buy a health care plan for $30 a month on the exchange."" Thanks to an unintended quirk of the law, there are somewhere between 300,000 and 400,000 people who can buy cheap coverage on the federal marketplace without the Medicaid expansion. Using premium tax credits, many could find insurance premiums below $30 a month. But that’s not half of the individuals who would have qualified for the Medicaid expansion. It’s actually a much lower number, closer to 25 to 33 percent, depending on the study. We rate the claim Half True.","According to various studies cited in the evidence, including a Kaiser Family Foundation study and an Urban Institute study, only around one-third of people who would have been eligible for Medicaid expansion make enough to buy cheap coverage on the marketplace. Weatherford's office also confirmed that his numbers were based on a projection of 30% of those eligible being able to buy insurance on the exchange, not half.",0.6093378986885298
"Paul Ryan said stimulus dollars were spent on electric cars in Finland and windmills in China.In fact, the program that provided loan guarantees for the Fisker cars was not part of the stimulus -- and the money went toward engineering and design in the United States.As for the windmills in China, it's true that a small number of windmills and components to build them came from China. But the statement greatly exaggerates China’s role in the overall use of stimulus money.On balance, we rate the claim Mostly False.","The evidence suggests that Fisker Automotive did receive a loan guarantee from the Energy Department's Advanced Technology Vehicles Manufacturing program, which was not part of the Obama administration's stimulus package. However, this loan was approved during Obama's presidency and it is unclear whether the accounting firm of PricewaterhouseCoopers correctly audited and tracked all federal dollars spent in the United States. On the other hand, there are reports that some windmills installed with stimulus dollars did contain Chinese components, but it seems to be a small fraction (less than 1%) out of over 12,000 turbine installations funded by the program.",0.6148960958762342
"Rhode Island State Republican Chairman Mark Zaccaria said that 25 percent -- one in four -- of paychecks in the state of Rhode Island go to state workers, municipal workers and public school teachers. But state labor statistics show the figure is closer to 11 percent, or about 1 in 9. We rule his claim False.(if you have a claim you’d like PolitiFact Rhode Island to check, e-mail us at [emailprotected]. And follow us on Twitter: @politifactri.","According to the October 2012 report from the Department of Labor and Training, there were approximately 50,000 local and state government jobs in Rhode Island, accounting for about 11% of the statewide job total. This percentage is less than half of Zaccaria's estimate of 25%. Even when adding federal employees, the total percentage remains below 25%, at approximately 13%.",0.5233940151502502
"Williams said the government ""has $3 trillion in cash flow, so we can pay our bills"" and won’t default. In the 12 months through September 2014, the government is projected to raise $3 trillion in revenue, far more than enough to cover some $237 billion in its projected interest costs. In this way, perhaps, default could be avoided. Still, Williams made a broader reference to paying ""our bills,"" and on that front, there’s debate over whether the government could meet all its obligations or have the authority to pick and choose what to pay. These are important details. We rate this partly accurate claim as Half True. HALF TRUE – The statement is partially accurate but leaves out important details or takes things out of context. Click here for more on the six PolitiFact ratings and how we select facts to check.","The evidence provides conflicting views on whether the federal government would ""default"" if it does not raise the debt ceiling. Some experts, like Chris Edwards and David Stockman, argue that the government can pay its interest payments and still avoid default by prioritizing payments to bondholders. However, others, like Gary Burtless and Jared Bernstein, point out that this approach could lead to missed or delayed payments to contractors, Social Security pensioners, Medicare payees, and non-furloughed workers, which would constitute a default according to most observers. Additionally, the Bipartisan Policy Center's report suggests that even with prioritization, the government may not have enough cash to meet all its obligations in a timely manner, leading to chaotic consequences.",0.4850487033526103
"Buono said during a recent visit to Rutgers that the university's tuition has increased 10 percent since Christie took office because he ""cut funding for higher education."" When looking strictly at tuition costs, Rutgers tuition has increased 7.97 percent from the 2010-2011 academic year -- the first Rutgers budget done after Christie became governor -- to the current 2013-2014. The increase, however, is 12.27 percent if measured from the year before Christie became governor. As for blame, state law makes clear that the Rutgers Board of Governors -- not the governor himself -- sets tuition rates for the university. And while it's true that Christie did cut education funding, he doesn't bare the bulk of the blame for the tuition hikes. Many factors were involved. As a result, we rate this claim Half True. To comment on this story, go to NJ.com.","While the evidence suggests that Rutgers tuition has increased by around 12-13% since 2009-2010 and not specifically ""since Gov. Chris Christie took office"", it also indicates that the claimant, Senator Buono, specifically referenced a tuition increase during this time period. Furthermore, the evidence shows that Governor Christie did propose cutting $173 million from higher education funding in 2010, which could be seen as contributing to the increased burden on students. However, it is also clear that the Rutgers Board of Governors sets tuition and determines rates independently of the governor's office, contradicting Senator Buono's claim.",0.7643923427377428
"Clinton said that ""23 million Americans suffer from addiction, but only 1 in 10 get treatment."" To be fully accurate, the claim needs some modest tweaks. The actual ratio is about one of nine, not one in 10, and it’s worth noting that the treatment statistics include only the most intensive methods, leaving out such widely used approaches as Alcoholics Anonymous. Still, experts said Clinton’s claim is close to accurate. We rate it Mostly True.","The evidence supports that 22.7 million Americans need treatment for a drug or alcohol problem, and about 2.5 million received treatment ""at a specialty facility"", which is defined as including inpatient and outpatient rehabilitation facilities, hospitals (inpatient services only), and mental health centers, but excluding other forms of treatment such as private doctor's offices, emergency rooms, self-help groups, prisons, or hospital outpatient services. This ratio is approximately 1:9, consistent with prior findings and estimates.",0.5329198163488638
"Sachs’ statistic -- that starting in 2011, texting began surpassing alcohol as the leading contributing factor to teen driving deaths -- was based on a misinterpretation of a scientific study and information from NHTSA that could not be confirmed. In reality, NHTSA’s analysis of their data found that alcohol was involved in more lethal crashes than distracted driving in 2011. While there’s no question that texting while driving is a danger, it hasn’t supplanted alcohol as ""the leading contributing factor in teen driving deaths."" However, the figures are imperfect enough that we can't rule out an undercount in deaths associated with texting while driving. We rate the claim Mostly False.","The evidence provided contains conflicting information about whether texting surpassed alcohol as the leading contributing factor in teen driving deaths in 2011. While a study by Dr. Andrew Adesman's team at the Cohen Children's Medical Center found that many teens engage in multiple risky behaviors, including texting while driving, it did not directly compare texting and drinking while driving. The National Highway Traffic Safety Administration (NHTSA) data suggests that 20% of teen drivers involved in fatal crashes in 2011 had some level of alcohol in their system, which is higher than the percentage of teen drivers distracted by cell phones. However, Sachs' claim appears to be supported by a study she cites, although its findings are not provided in the article. The study's chief researcher, Dr. Adesman, later clarified that the media ""wrongly attributed"" conclusions to his team's studies, suggesting that Sachs' claim may be based on misinformation or misinterpretation of the data.",0.6689288956147654
"Grimes’ad said, ""What can happen in 30 years? A senator can become a multi-millionaire in public office."" What'sproblematic here is the ad’s strong suggestion that McConnell somehow managed to leverage his public office into personal riches. In truth, most of the growth in his wealth stems from his marriage and money his wife received after her mother died. The statement contains some element of truth but ignores critical facts that would give a different impression, so we rate this claim Mostly False. Correction, Aug. 25, 2014: An earlier version of this article included the figure for Grimes’ salary that was reported on her Senate candidate financial disclosure form. However, this figure -- $188,000 -- included earnings from 2013, as well as from part of 2014. To make the comparison equivalent to McConnell’s salary, we’ve adjusted her annual pay to $117,329.","According to the evidence provided, McConnell's wealth did not come solely from being a senator, as suggested by the ad. In fact, his net worth increased significantly after marrying Elaine Chao, who comes from a wealthy family and has significant assets of her own. Additionally, the couple received a substantial gift in 2008 that likely accounts for a large portion of McConnell's wealth increase.",0.5302566956390035
"Ryan said that Obama ""puts a board of 15 unelected, unaccountable bureaucrats in charge of Medicare who are required to cut Medicare in ways that will lead to denied care for current seniors.""Board members aren’t elected, but it’s a stretch to say they’re entirely unaccountable. They’re appointed by the president and approved by the Senate. The president can fire them for neglect of duty or malfeasance.They’re required to recommend cuts to Medicare in years that other cost-saving measures don’t meet growth targets — but Congress can overrule their recommendations.Meanwhile, ""denied care"" is a strong way to phrase the board’s possible effect. It’s expected to recommend cutting provider payments, with an eye on cutting waste and inefficiency. That could restrict some seniors’ access to care, depending on the what actions the board actually takes. Meanwhile, the board oversees only a small percentage of the Medicare savings in the health care law.Ryan creates the specter of an unaccountable board making all of Medicare’s spending decisions, but that’s scarcely the case. There’s an element of truth to his claim, but his overstatements add up to a Mostly False impression.","The claim states that the 15 members of the Independent Payment Advisory Board are ""unelected, unaccountable bureaucrats,"" but evidence shows that they are appointed by the president and approved by the Senate, have fixed terms, can be removed for cause, and are accountable in various ways. Additionally, the board's recommendations can be rejected by Congress, and if implemented, do not involve rationing care or denying benefits to current seniors. The claim also exaggerates the impact of the board's recommendations on Medicare spending and access to care.",0.5455913796507079
"Blackburn to her credit did not mention rationing -- connecting that practice to the IPAB is what pushed Boone’s claim to judged ridiculously false. But she did say that President Obama -- through the law -- would be giving the ""power"" to control Medicare patients’ health-care decisions to ""a commission of 15 unelected bureaucrats in Washington.""Since we find that the IPAB would not control decisions made at the individual patient level, we rate it False.","The evidence shows that the Independent Payment Advisory Board (IPAB) has a specific structure, with members required to have national recognition for their expertise in various fields, including health finance, economics, medicine, and more. These members are appointed by the President and undergo Senate confirmation. Additionally, experts from organizations such as Cato Institute and PolitiFact Georgia confirm that IPAB's role is to suggest cost-savings proposals within a mandate that specifies it cannot ration care, and not to make individual health-care decisions for patients. The law also explicitly states that the board ""shall include representatives of consumers and the elderly"" and that individuals directly involved in providing or managing healthcare shall not constitute a majority of the board's members.",0.4064379227030408
":Had Bass been careful in his wording, there might have been some truth to his claims. Kuster has expressed support for the Affordable Care Act, and the law has been shown to reduce Medicare spending by $700 billion. But, instead, the Congressman repeated past claims that the Care Act constitutes a ""government takeover"" of health care, and that it ""robs"" $700 billion from Medicare.The government takeover part is so wrong it's been rated Pants on Fire; the Medicare part is Mostly False. On balance, we rate the full claim False.","According to PolitiFact, the claim that the Affordable Care Act is a ""government takeover of healthcare"" has no basis in reality and has been rated as ""Lie of the Year"" in 2010. Additionally, the statement that the law ""robs Medicare of over $700 billion"" is also incorrect, as the law includes changes to reduce future Medicare costs, not cut actual funding from the Medicare budget.",0.6984362136933111
"The PAC said the proposed Austin school district bonds ""will require no tax rate increase."" Missing from this claim: Individual homeowners are expected to pay more in property taxes even if the tax rate remains the same, which looks likely thanks to rising property valuations in a hot real-estate market. We rate this statement, which lacks the important clarification that only the tax rate isn’t expected to rise, Mostly True. MOSTLY TRUE–The statement is accurate but needs clarification or additional information. Click here for more on the six PolitiFact ratings and how we select facts to check.","The evidence provided shows that district officials and supporters claim that the proposed bond proposition will not require a tax rate increase, but various experts and critics question this statement, citing uncertainties and assumptions about future property value growth, interest rates, and other factors. While some estimates suggest that homeowners may see increased tax bills due to higher assessed property values, others argue that the district's projections are conservative and based on historical trends. The conflicting views and uncertain outcomes make it difficult to determine with certainty whether the claim is true or false.",0.5319850506989852
"Flores said Kihuen ""only managed in the minority to get one bill passed out of the eight to 10 he introduced"" during the 2015 legislative session. Flores is technically accurate in her criticism. But the insinuation that he was an ineffective legislator because of that ignores some important context about the realities of being in the minority party and his role in passing other legislation behind the scenes. Her claim is accurate but needs additional context. We rate the claim Mostly True.","The claim states that Ruben Kihuen ""only managed in the minority to get one bill passed out of the eight to 10 he introduced"" during the 2015 legislative session. However, the evidence shows that while it is true that only one of his bills was signed into law, several sources dispute Flores' description of Kihuen's role in passing the ""Silver State Opportunity Grant Program"", with Republican Assistant Majority Leader Ben Kieckhefer crediting himself as a partner to Kihuen on the bill. Additionally, Kihuen's campaign manager and Senate Democratic head Aaron Ford praise his work during the session, suggesting that effectiveness cannot be solely measured by the number of bills passed.",0.6470077174050468
"McKenna said Hyperloop officials called the proposed route between Kansas City and St. Louis ""one of the best they’ve ever seen."" The Hyperloop One CEO said the coalition proposed a great route. Its director of global public policy said the St. Louis-Kansas City route is ""as competitive"" as any on the initial list. But there’s no public record that any Hyperloop official ever called the route the best they’ve ever seen. Hyperloop selected 10 winners of its global challenge. Missouri was not on that list. We rate this claimHalf True.","The claim states that ""Officials at Hyperloop One have referred to the route as one of the best they've ever seen,"" and this statement is directly quoted from Patrick McKenna, director of the Missouri Department of Transportation. According to the article, he made this comment on October 19 in an interview with the Kansas City Business Journal. Therefore, based on this evidence, it can be confirmed that officials at Hyperloop One did refer to the route as one of the best they've ever seen.",0.5971314600968766
"Trump said, ""One-third of the counties — think of it, one-third — only have one insurer left."" As long as you know that Trump is specifically talking about Affordable Care Act exchanges, Trump’s figure checks out. People trying to purchase insurance on a government exchange only have one provider to choose from in 32 percent of the nation’s counties, according to late 2016 data from Kaiser. That means 21 percent of Affordable Care Act enrollees, or about 1.9 million people in 2017, can only pick from one health insurance provider. We rate Trump’s claim True.","The Kaiser Family Foundation analysis found that 32 percent of counties have only one choice for their insurance provider on the exchanges, which corresponds to Trump's claim about one-third of the counties having only one insurer left. This matches the provided statistic, making the claim true based on the evidence.",0.6084010196513817
"Gov. Perry said that starting in December 2007, ""1.4 million jobs were created in Texas. In that same period, the rest of the country lost 400,000 jobs."" His figures mostly hold up according to household surveys by the federal government looking into civilian employment including self-employment, though positions not yet recovered outside Texas totaled closer to 350,000, according to the latest available data when Perry spoke. We rate this statement Mostly True. MOSTLY TRUE – The statement is accurate but needs clarification or additional information. Click here for more on the six PolitiFact ratings and how we select facts to check.","The evidence from multiple sources, including the U.S. Bureau of Labor Statistics and scholar Mark J. Perry, supports the claim that starting in December 2007, Texas created 1.4 million jobs while the rest of the country lost 400,000 jobs.",0.8207916070433224
"Smith said the science foundation awarded $700,000 for a climate change musical. The NSF awarded nearly that much for a theater company to produce a musical play that focuses on climate change and biodiversity conservation. We rate this statement as True.","According to the evidence provided by Dana Topousis, a foundation spokeswoman, the grant was awarded in 2010 for a touring play called ""The Great Immensity"" that explores climate change and biodiversity conservation through music, video, and investigative journalism. The grant summary and interviews with Benvenuti also confirm this. Therefore, it appears that the claim of a ""$700,000 climate change musical"" is actually true, but not on Broadway as stated in the claim, rather touring plays with a similar theme were funded by the NSF.",0.4745581290984558
"Jenkins said that in the ""do-nothing Senate,"" there are 352 House bills ""sitting on Harry Reid’s desk awaiting action,"" including 55 introduced by Democrats. In some cases, committee chairs -- not Reid -- may be blocking or moving slowly on these bills. In other cases, senators are working on their own alternative bills on the same topic. Meanwhile, the claim oversells the degree of bipartisanship in the House; a majority of the Democratic-sponsored bills she cites are relatively minor pieces of legislation. Ultimately, Jenkins places all the blame on the Democrats and the Senate, but experts agree that it takes two to tango. Both parties and chambers have played a role in creating the current legislative dysfunction. On balance, we rate the claim Half True.","According to the THOMAS congressional database, there are indeed 342 House bills that have passed but await action in the Senate. This number is 10 fewer than Rep. Jenkins' claim of 352, but the discrepancy is explained as likely due to additional bills being passed in the couple of days between when she spoke and when the database was consulted.",0.5718926857679318
"The ad claimed, ""In one Colorado hospital, 50 percent of newborns tested had marijuana in their system."" That hospital -- St. Mary-Corwin Medical Center -- did have more than 45 percent of their newborn babies tested test positive for marijuana in their systems. The big issue with the talking point is it cherry-picks one month of data. Overall, from January 2015 through September 2016, almost1 in 3 newborn babies tested for marijuana at St. Mary-Corwin came up positive for marijuana in their systems. That’s not half, but it’s still pretty high. We rate the ad’s claim Half True. ","The evidence shows that, although nearly half (5 out of 11) of newborns tested at St. Mary-Corwin Medical Center in Pueblo, Colo., had marijuana in their system in March 2016, this is not the same as saying that 50 percent of all newborns tested at the hospital had marijuana in their system. Additionally, when looking at a larger time period (January 2016 through September 2016), only about one-quarter of newborns were tested for marijuana and the rate was slightly under 27 percent.",0.8094653225551218
"Cohen said, ""If someone is in a room that has measles and leaves and you walk in two hours later, you could get measles from that person."" She is right. Measles is a highly contagious airborne disease, and the CDC gives this exact timeframe on its website. We rate her claim True.","The evidence provided from multiple credible sources, including Elizabeth Cohen's interview with CNN, the Centers for Disease Control and Prevention (CDC), and Dr. Catherine Troisi's opinion-editorial in the Houston Chronicle, all confirm that measles is an airborne virus that can be transmitted through coughing and sneezing, and can live on surfaces or in airspace for up to two hours after an infected person has left a room, allowing others to become infected upon entering.",0.7037028827974874
"Obama said the United States is producing more oil domestically than it’s importing from the rest of the world for the first time in nearly two decades. That claim is on the money. However, a lot of this has been in the works for awhile, including dynamics that pre-date the Obama administration. Experts told us the new dynamic is due to factors like the recession, increased fuel efficiency and ramped up domestic oil production. As a simple statement on where we stand on oil exports vs. imports, though, Obama’s claim is accurate. We rate it True.","The evidence provided supports the claim, showing that according to the U.S. Energy Information Administration's November 2013 report, the United States produced an average of 7.8 million barrels of oil per day in October and imported 7.5 million barrels of oil per day, making domestic crude oil production surpass crude oil imports for the first time since 1995.",0.6343638906444329
"Barrientos wrote, ""10 percent of the population lives in an area that receives 55 percent of the representation,"" citing the system in place since 1971. Young later specified that the area is four ZIP codes.Leaving out the implication that officials only advocate for their home neighborhoods, the 55 percent calculation is slightly off due to a double-counting of mayors. All told, it looks like 50 percent of Austin’s council members (including mayors) have come from those ZIPs over the past four decades.In 2010, the ZIPs were home to 11 percent of the city’s population; in 2000, the ZIPs were home to 7 percent of the city’s population, arguably reinforcing Barrientos’ point.We rate Barrientos’ statement Mostly True.","According to Ken Martin's data, those four ZIP codes accounted for 58 out of 117 city offices filled in Austin elections (City Council including mayor) from 1971 through 2011, which divides out to 49.6 percent, not 55 percent. Additionally, calculations by Peck Young's group and confirmed by the correct math also show that the 55 percent figure is incorrect, with results of either 54.9 percent or 49.6 percent when properly accounting for double-counting mayors.",0.7149491555690766
"Fiorina said one of the Planned Parenthood videos shows ""a fully formed fetus on the table, its heart beating, its legs kicking, while someone says we have to keep it alive to harvest its brain."" One of the Center for Medical Progress’ videos attacking Planned Parenthood shows an interview with a woman identified as a former tissue procurement technician, who tells about an experience in a Planned Parenthood pathology lab where she sees a fetus outside the womb with its heart still beating. According to the woman, her supervisor said they would procure the fetus’ brain.The video’s creators added footage of an aborted fetus on what appears to be an examination table, and its legs are moving. But Fiorina makes it sound as if the footage shows what Planned Parenthood is alleged to have done. In fact, thestock footage was added to the video to dramatize its content.We rate her statement Mostly False.","The evidence provided shows that Fiorina's claim is not supported by the actual footage. The 10-minute video she is likely referring to shows an interview with Holly O'Donnell describing her experience of seeing a fully-formed fetus, but this scene has been matched with gruesome stock footage, and the original footage itself does not show the specific event as described.",0.5879433421441067
"Morris said that the large number of North Carolina voters matched with records in other states was proof that over 1 million people voted twice in the 2012 election. While Morris admittedly was extrapolating from the North Carolina data, his conclusion is flawed on several fronts. The head of North Carolina’s board of elections did not claim that even the closest matches on name, birth date and Social Security numbers was conclusive evidence. She said more investigation was needed. The track record of the Interstate Crosscheck project shows that a tiny fraction of all potential matches represents any kind of voting fraud. In Kansas, out of more than 850,000 votes cast, only 14 names were recommended for prosecution and the Kansas Secretary of State reported no convictions. In other states, database quirks, human error and the statistics of large numbers have been shown to trim the initial reports of widespread fraud down to the barest sliver of actual cases. We rate the claim False.","The claim that ""probably over a million people voted twice in (the 2012) election"" is based on an extrapolation of numbers from North Carolina's participation in the Interstate Crosscheck program. However, according to evidence provided, including the words of executive director Kim Strach and expert Michael McDonald, these large numbers are likely due to clerical errors and matching on incomplete or inaccurate data rather than actual voter fraud. Additionally, a review of the track record of the Interstate Crosscheck program shows that it starts big but ends small, with only 14 referrals for prosecution in over 120,000 potential cases, resulting in no convictions. Furthermore, expert analysis suggests that the numbers are inflated by basic statistics and database system flaws.",0.6083394984252581
"Sanders said,""You are paying three times more for poison water than I am paying in Burlington, Vt., for clean water."" Going back to January 2015, we find that’s the case, as long as we include both water rates and water meter charges in Flint. But after a judge rolled Flint’s rates back in August 2015, people there are paying a little more than twice as much as people in Burlington. His numbers are no longer entirely accurate, butSanders has a point that Flint’s water bills are gallingly expensive. We rate his statement Mostly True.","The evidence shows that the claim made by Sen. Bernie Sanders may have been true at some point (specifically in January 2015), but it is no longer accurate after the judge's ruling in August 2015, which reduced Flint's water rates. Additionally, while the average annual bill for a Flint resident was around $910 per year, compared to Burlington's $321, this difference is not exactly three times more as stated by Sanders, although it comes close.",0.6288641947688479
"Cornyn said it had been 65 years since a national commission studied the American criminal justice system and produced recommendations. Experts and academic research show that a commission of that scale, with that broad an area of review, has not been convened since Johnson’s 1965 group. We rate this claim True.","The evidence shows that there have been several commissions created in the past to review the US criminal justice system, such as the Commission on Law Enforcement and Administration of Justice established by President Lyndon B. Johnson in 1965, which made over 200 recommendations. While there have been other groups formed to provide recommendations, none have been as comprehensive or at the national level since 1965. The statements from Senator John Cornyn, Deputy Attorney General Jeffrey A. Rosen, and Marc Levin all support this claim, indicating that a thorough top-to-bottom review of the US criminal justice system has not been conducted at the national level in over half a century.",0.5581268390019735
"Austin’s school calendar has about 34 separate state-related testing dates, not 64. Also, many of the state tests are penciled in for the same dates. In addition, significantly, no students are taking tests on all 34 dates or, really, any number of dates close to that.Still, Stevenson’s claim has an element of truth. According to the district calendar, state-mandated testing was a possibility on at least one day in six of the 10 months from mid-October 2011 through mid-July 2012. We rate the claim Mostly False.","The evidence shows that Sara Stevenson, the Austin school librarian, initially made an error in counting the number of test dates on the school calendar. She stated that she should have said ""different tests"" rather than ""different test dates"". Additionally, other sources, including Mark Billingsley and Debbie Ratcliffe from the Texas Education Agency, provided information that contradicts Stevenson's claim. They explained that while there are 34 different dates set aside for state-mandated tests or make-up tests, students do not take tests on every one of those days.",0.6246734997805428
"In triumphantly declaring that Florida will reject a provision of the federal health care law that expands Medicaid coverage, Gov. Rick Scott told national television audiences that the expansion would cost Florida $1.9 billion a year. The most recent estimate from the state health care agency says a series of changes to Medicaid could wind up costing about $1.4 billion a year, but that number includes things beyond the expansion to Medicaid that Scott was talking about. For instance, about $400 million is tied to increased reimbursement payments to Medicaid providers. But the state isn't required to pay that out. And another estimated $516 million will pay for people who are eligible for Medicaid under its current provisions but have not enrolled. They would remain eligible whether or not the program is expanded in Florida. That leaves about $500 million in estimated new costs for Medicaid patients under the federal government expansion. And that cost would not fully kick in until 2020. So yes, the Medicaid expansion will cost the state.But Scott’s $1.9 billion claim appears to be wildly high. We rate this claim False.","The evidence provided shows that Governor Rick Scott's claim of a $1.9 billion annual cost is an oversimplified estimate and incorrect. According to estimates created by his own Agency for Health Care Administration, the Medicaid expansion would actually cost about $1.47 billion a year starting in 2020, with most of the costs coming from people who are currently eligible for Medicaid but have not yet enrolled. Additionally, other sources such as the nonpartisan Kaiser Family Foundation put the additional cost to the state between $1.2 billion and $2.5 billion between 2014 and 2019.",0.6868966013494164
"King said, ""In 2011, (the Islamic State) attempted to attack Fort Knox."" There is no public account of such a plot and King’s office did not respond to us to provide any evidence to suggest a foiled domestic attack on Fort Knox. In 2011, two Iraqi nationals were arrested in Kentucky about 90 minutes outside Fort Knox for attempting to help al-Qaida of Iraq by sending weapons, explosives and money to insurgents fighting overseas. However, their efforts were actually part of an FBI sting operation, and they never helped or connected with al-Qaida groups operating in Iraq. The two ultimately pled guilty to multiple counts of terrorist activities; however, there was no mention of a domestic plot in any of the charging documents. No doubt this is a troubling case, but the public record does not back up King’s conclusions about it. We rate King’s statement False.","The evidence provided does not support the claim that the Islamic State attempted to attack Fort Knox in 2011. The two Iraqi nationals, Waad Ramadan Alwan and Mohanad Shareef Hammadi, arrested in 2011 were charged with actions related to assisting terrorist groups operating overseas, but there is no mention of a plot against Fort Knox in their charging documents or any credible evidence to support the claim.",0.6771328845749731
"Yes, Scott persuaded state leaders to put aside $36 million for the project, with the remaining $2 million coming from the port and the corps. In years past, the federal government paid most of the tab for improving a federal shipping channel. The Republicans’ ad implies Obama bears the burden for missing federal funding for Mile Point, saying Obama ""took his eye off the ball."" Truth be told, it’s the fault of Congress, which has final say over Army Corps port projects. A wide-ranging bill that would authorize the Mile Point project is stalled, the norm in recent years. RPOF’s ad is accurate but could use more context. We rate the statement Mostly True.","The claim states that Gov. Rick Scott invested $38 million in the Port of Jacksonville's vital Mile Point Project, which covered missing federal funds for the project. According to the evidence, Scott did invest $36 million from state funds, and the port contributed $500,000 with the federal Army Corps of Engineers kicking in $1.5 million for designs. Although it is noted that the federal government had already approved 65% of the costs ($23.6 million) and more funding was needed, Scott's investment did indeed cover part of the missing funds, making the claim true.",0.6459717875177211
"In the Grimes campaign ad, a Kentucky resident claims that McConnell ""voted to raise my medicare costs by $6,000."" The $6,000 figure cited in multiple studies measures a specific amount: The average out-of-pocket costs a new senior would pay in 2022 if Medicare changed to a more privatized system. People who turned 65 prior to 2022, like the retiree in Grimes’ ad, would remain in the current Medicare system and would not incur those costs. The counterpoint from the Grimes campaign is existing seniors will have to pay some costs if the Ryan plan passes. That may be true, but the $6,000 figure is completely unrelated to that discussion, and using a statistic about future retirees to make a broader point about current retirees makes for a misleading ad. We rate the claim False.","The claim states that Mitch McConnell voted to raise Medicare costs for a current Kentucky senior by $6,000, specifically referencing Don Disney's situation. However, the evidence shows that under the 2011 Ryan plan, changes would not directly affect individuals like Disney who are currently 75 years old. It is unclear how the repeal of the Affordable Care Act or potential Medicaid changes could impact seniors in terms of costs. The $6,000 figure seems to be based on the effect of the Ryan budget on future retirees, not current ones.",0.6268418591073219
"Cornyn said that ""no one under the age of 20 has died of the coronavirus. We still don’t know whether children can get it and transmit it to others."" Cornyn’s claim is wrong on multiple counts: First, numerous children across the country and in Texas have contracted the coronavirus and some have died as a result. Research indicates that children are able to transmit the coronavirus, but there has been little research into how the rate of transmission may vary compared to adults. Transmission involving children does not appear to make up the bulk of the spread. We rate this claim False.","According to national data, there have been at least 29 people under the age of 14 and 142 people between the ages of 15 and 24 who have died after contracting the coronavirus. In Texas, while state data does not show any coronavirus fatalities for people younger than 19 due to a lack of investigation, media reports confirm that children have indeed died from COVID-19 complications in the state.",0.6414289584159851
"Both Republicans and Democrats would no doubt agree that Ryan’s plan for Medicare is a dramatic change of course. But we don’t agree with the ad’s contention that the proposal ends Medicare. Additionally, images in the ad imply that current seniors will have to go back to work to pay for changes to the program. That’s not true either. It’s actually those 54 and younger who will need extra money. With its scenes of seniors going back to work, it seems intended to frighten those who are currently enrolled in Medicare. Finally, the Republicans' vote was symbolic and didn’t actually change the program. When you add up all those distortions, we find the ad highly misleading.The ad’s aged firefighter says, ""Did someone call the fire department? Because it's about to get HOT in here!"" We agree. Pants on Fire!","The evidence suggests that the claim ""Seniors will have to find $12,500 for health care because Republicans voted to end Medicare"" is an exaggeration, as seniors would still be offered coverage under the proposal and the program's budget would increase every year. However, it also states that the plan would dramatically cut federal spending and future Medicare beneficiaries would pay more for current levels of coverage, which could lead to them finding $12,500 or paying around $6,350 extra per year. The Republicans' vote on a budget resolution stating policy preferences does not necessarily mean they have voted to end Medicare.",0.5499875889268033
"Murphy said, ""Only 3 percent of voters 18 to 34 don't believe that climate change is really happening."" It should be noted that Murphy cited a poll that had been paid for by an environmental group. Still, we couldn’t find any poll with genuinely comparable data that clashed with Murphy’s carefully worded assertion. We rate his statement True.","According to a League of Conservation Voters-commissioned poll conducted between July 8 and July 10, 2013, among registered voters 18 to 34 who voted in the 2012 general election, 3 percent said climate change is not really happening. This supports Senator Chris Murphy's claim that only 3 percent of voters 18 to 34 don't believe that climate change is really happening.",0.7378958877252073
"Herring said there’s no public study of Kaput, the product that might soon be available in Texas to attack feral hogs. There’s no public study of that EPA-registered product, we confirmed. But a 2015 study submitted to a science journal would become public if it’s accepted for publication. Also, the effects on feral hogs of warfarin, Kaput’s active ingredient, has been exploredin published studies. We rate this statement Mostly True. MOSTLY TRUE – The statement is accurate but needs clarification or additional information. Click here for more on the six PolitiFact ratings and how we select facts to check. ","The claim that there's not one public study available to the public on using the product Kaput to poison feral hogs is contradicted by evidence showing that a study titled ""Field efficacy of a warfarin bait used to control feral hog populations"" was submitted for publication in 2015 and is currently undergoing peer-review. Additionally, a PowerPoint presentation from Genesis Labs includes slides referring to research results on the same product, indicating multiple studies have been conducted on its efficacy in controlling feral hogs.",0.712007422783436
"Willett, writing for the court majority, said that before 2005, ""the percentage of"" Texas high-school students meeting the coordinating board’s college readiness standards ""stood at 28% in English and 42% in math. Those figures stood at 65% and 66% in 2013."" This statement doesn’t acknowledge readiness metrics such as ACT or SAT scores. But it almost perfectly reflects the state’s tallies of high school graduates in 2004 and 2013 who scored high enough on state English and math tests to be considered college-ready. We rate the claim True. TRUE – The statement is accurate and there’s nothing significant missing. Click here for more on the six PolitiFact ratings and how we select facts to check.","The evidence provided from the Texas Education Agency shows that in 2004, 29 percent of students met readiness standards for English language arts and 43 percent did so for math. In 2013, these figures stood at 65 percent for English and 66 percent for math. These numbers match the figures cited by Justice Don Willett in the 2016 Texas Supreme Court ruling, indicating that the claim is supported by official data from the relevant agency.",0.6380013961058397
"Scott said, ""Estimates say individuals who escaped these high-tax states have taken with them around $2 trillion in adjusted gross income."" That stat comes from an anti-tax advocate who measured the adjusted gross income of people who moved between states. There is disagreement about how much can be assumed by measuring that income migration, and even whether the $2 trillion in movement is among all 50 states or just from high-tax locations to lower-tax ones. In either case, there is plenty of research showing thatof the relatively small number of people who move between states, very few of them cite taxes as a reason. We rate the statement Mostly False. CORRECTION, Jan. 9, 2015: This article has been updated to clarify the affiliation of Lyman Stone. Help fund PolitiFact's Kickstarter to live fact-check the 2015 State of the Union and GOP response.","The evidence provided supports the claim that estimates suggest individuals who escaped high-tax states have taken with them around $2 trillion in adjusted gross income. This estimate comes from Travis H. Brown's book ""How Money Walks,"" which combines Internal Revenue Service and Census data of adjusted gross income between states over a 15-year period.",0.663277572862218
"Buckley and the Democratic Party are right on with their claim about the 2010-11 budget. That year, lawmakers closed the spending plan with an $18 million surplus. And, though the numbers change constantly, Buckley, the Democratic chairman, is on target regarding the 2012-13 spending plan, as well. Or he was at the time, anyway. Recent reports show the projections have changed, as they will continue to do throughout the rest of the fiscal year, But those numbers, released this week, were not available yet March 29 when Buckley tweeted his claim. Instead, Buckley deferred to a March 12 report, which showed the $40 million deficit. Comparing final state budget figures to a point-in-time snapshot is not exactly an apples-to-apples comparison, since this budget will likely end with a different deficit than Buckley claims. But, at the time of his tweet, Buckley’s numbers were right on the money. We rate his claim Mostly True.","The evidence provided, specifically the PolitiFact check and the state's annual report for 2010-11, confirms that the 2010-11 New Hampshire budget did end with a surplus of $17.7 million, which closely matches the Democratic Party's claim of an $18 million surplus.",0.5655027392117873
"Robinson stated that when the Confederate flag was first flown over South Carolina’s statehouse in 1961, and it was hoisted as a symbol of ""massive resistance to racial desegregation."" Robinson is right on the date. The flag first flew over the statehouse to mark the opening ceremonies of a Civil War Centennial celebration. Whether it was raised as a deliberate symbol of a ""resistance to racial desegregation"" is not completely clear. Experts and research find a circumstantial link between the spread of the flag and the racial divisions of the 1950s and 1960s. We rate Robinson’s claim Mostly True.","Eugene Robinson states that the Confederate battle flag was flown as a symbol of massive resistance to racial desegregation in 1961, while Daniel Hollis recalls that it was hoisted on April 11, 1961, for the opening of the Civil War centennial at the request of Rep. John A. May. K. Michael Prince suggests that the larger context should be considered, pointing out a dispute between New Jersey and South Carolina over segregation at a hotel in Charleston as a possible factor contributing to the raising of the flag. There is conflicting evidence regarding the reasons for flying the flag.",0.5890457883113769
"West said black people kill more blacks in six months than the KKK did in 86 years. Based on the evidence West provided, the claim essentially boils down to a comparison between the number of black-on-black homicides and the number of lynchings from 1882-1968. Using 2012 FBI data and information from the Tuskegee Institute -- neither of which is perfect -- West is somewhat off in his numbers. There were approximately 2,936 black-on-black homicides in six months of 2012 and 3,446 black lynchings from 1882-1896. But West also is wrong to ascribe the historical killing of blacks to the Ku Klux Klan, experts told us. There is no clear tally of Klan murders. We rate the claim Half True.","While the evidence suggests that Allen West's claim may be close to being correct if assuming his six-month timeframe was actually referring to yearly data (since 2,936 black homicides in all of 2012 is roughly comparable to 5,874 black homicides), there are multiple errors in the claim. The KKK is not directly responsible for the majority of lynching deaths between 1882 and 1968 as West implies; rather, it was a broader group of Southern society that carried out these actions.",0.6224279667880084
"Berger said Republicans in North Carolina promised to raise teacher pay ""by more than 15 percent in just three years,"" and ""that is exactly what House and Senate Republicans have accomplished in our state."" The average teacher's salary in the last three years has risen 10.8 percent. And over the entire time Republicans have been in charge of the state budget,the total raise has been even smaller than that, since teacher pay fell during the first three years of GOP control. Berger’s office pointed to numbers for just the state’s portion of teachers’ salaries. But there are some issues with the accounting there, and that’s also not what Berger actually talking about. Pay has been rising for North Carolina teachers recently, but not by nearly as much as Berger claims. We rate this claim Mostly False. Correction:Teachers have received a 10.8 percent raise over the last three years, not over the last four years as a previous version of this article said. There also has been a 4.2 percent increase in the last two years. This does not change our ruling.","The evidence shows that Republican legislators in North Carolina raised the average teacher's pay by 10.8 percent in six years, not more than 15 percent in three years as claimed by Sen. Phil Berger. Additionally, even if using a document from the state legislature to calculate the raises since 2014-2015, it only shows a 15.5 percent increase when counting the state's portion of teachers' salaries, but this number is inflated due to the loss of annual longevity bonuses and does not account for local supplements that make up about one-third of total teacher pay.",0.7710075631199113
"A public service announcement says more than 1,300 people will die on Georgia roads before the end of the year. By Monday of this week, the number was 1,345, according to a tally kept by the Georgia Department of Transportation and released by the Governor’s Office of Highway Safety. The PSA also makes the claim that one in four of those people died in alcohol-impaired fatalities. The truth is that state officials don’t know for certain what’s happened in these traffic deaths. It takes time to investigate. They’re basing the claim on a trend they’ve seen and one that doesn’t seem to be changing in Georgia or the nation. That’s probably context the reader deserves to know. We rate the statement Mostly True.","While the evidence shows that more than 1,300 people have died on Georgia roads as of Monday of this week (2015), and state officials do not know with absolute certainty whether 25 percent of fatalities were caused by drunken driving, there are indicators suggesting a consistent percentage of alcohol-related factors in traffic deaths over a 10-year period.",0.6605807331609137
"Pelosi said that reauthorizing the Children’s Health Insurance Program ""for six years saves $1 billion"" and that doing it for 10 years saves $6 billion. CBO analyses back up Pelosi’s numbers. Because the reauthorization of CHIP would essentially take the place of more expensive programs, doing so would eventually net savings for the government. We rate her statement True.","The Congressional Budget Office (CBO) analysis provided as evidence supports Pelosi's claim that reauthorizing CHIP for 6 years saves $1 billion and doing it for 10 years saves $6 billion. According to the CBO, a 6-year reauthorization would result in cumulative savings of $981 million ($1 billion), and a 10-year reauthorization would decrease the deficit by $6 billion over the 2018-2027 period.",0.560581916205737
"Brat says Spanberger ""wants a tax increase of $32 trillion - that’s with a `T,’to pay for her socialist health care plan."" The charge - central to Brat’s campaign - stems from Spanberger’s May 2018 comment that she does ""in principle, support"" a single-payer health system. Brat offers that statement as proof that Spanberger backs a very generous single-payer proposal proposed by Sen. Sanders of Vermont in which all health insurance would come the federal government. Spanberger has caused some confusion because she’s never explained her remark. It is possible, however, to be receptive to a single-payer program that’s cheaper and more limitedthan Sanders’ plan. Brat offers no evidence that Spanberger has endorsed Sanders’ plan, and she says she opposes it. On the other hand, Spanberger has repeatedly backed a Medicare X proposal that would allow the government to compete with private insurers. Unlike Sanders’ plan, people would retain choices on where to buy coverage. Brat conveniently has chosen a position for Spanbergerthat she never took. We rate his statement False.","Abigail Spanberger's statement ""I do, in principle, support single payer…"" can be interpreted as suggesting she supports the idea of a single-payer system, but it does not explicitly state that she endorses Senator Bernie Sanders' specific proposal. The estimate of $32.6 trillion comes from a study on Sanders' plan, not Spanberger's own proposal. Additionally, Spanberger has repeatedly denied Brat's claim and stated she is against Sanders' bill, indicating some level of distinction between her views and those of the senator.",0.6189732688314775
"A meme circulating on social media said the percentage of black children born without a father in the home has risen from 7 percent in 1964 to 73 percent today, due to changes from President Lyndon Johnson’s Great Society. There’s no federal data to back up the meme’s specific claim, but the most applicable statistics show an increase in black fatherlessness that is more limited, and the rise might have been even more modest still if the early-1960s data had been more reliable. In addition, the focus on Johnson and the Great Society is likely a red herring, since broader, societal factors are believed to have played a major role in rising rates of single-parenthood -- not just among blacks, but also among whites. The exaggerated statistics, combined with an ignorance of important context, leads us to rate the claim False.","The evidence provides conflicting information regarding the claim. On one hand, it is true that the percentage of unmarried black births as a percentage of all black births increased from 24.6% in 1964 to 72% in 2012. However, this is lower than the claimed 7% to 73% increase. Additionally, using alternative data on the percentage of black children living without a father in the home shows an increase from 20% in 1960 to 50% in 2013, but not as drastic as claimed. Experts also question the reliability of early data and suggest that other factors may have contributed to the increases.",0.542326154622687
"The Texas party said Davis has already taken more money from ""teacher unions,"" meaning three teacher groups, than the previous three Democratic gubernatorial candidates combined and presented a chart purporting to show that. The tweet and chart turned out to mislead. Most of the cited teacher groups’ giving to Davis came during her campaigns for state Senate, not during her run for governor. Running for governor, Davis has attracted about $36,000 from two of the groups and nothing from the third. That total trails the $65,000 combined raised by two of the previous nominees in their respective gubernatorial bids. Regardless, the claim has an element of truth. With career fund-raising factored in, Davis has topped the three previous Democratic gubernatorial nominees in support from the groups. Moreover, the party didn't mention a 2014 donation of $125,000 to Davis's campaign from a major teacher group. We rate this claim as Mostly False. MOSTLY FALSE – The statement contains an element of truth but ignores critical facts that would give a different impression. Click here for more on the six PolitiFact ratings and how we select facts to check.","The evidence provides contradictory information about Wendy Davis's contributions from teacher unions. On one hand, a bar chart tweeted by @WendyDavisTruth (a Twitter account run by the Republican Party of Texas) shows that Davis has received more money from teacher unions than the past 3 Democrat gubernatorial candidates combined, with a total of $102,777 compared to their combined total of $102,700. However, further examination of campaign-finance reports reveals that this figure includes contributions made during Davis's Senate campaigns, as well as contributions made after she declared her candidacy for governor but before the primary election. When considering only contributions specifically made for the gubernatorial campaign, Davis's total is lower ($67,000) and comparable to those received by previous candidates (Sanchez in 2002 and White in 2010). Additionally, a sizable contribution of $125,000 from the American Federation of Teachers Committee on Political Education was not included in the party's initial critique. This conflicting information makes it difficult to determine whether the original claim is true or false.",0.6595334431142298
"Wentworth says Campbell is pushing a 35 percent sales tax extending to medicine, groceries and real estate. She’s not, though we can see the threads behind this misleading claim.While running for Congress in 2010, Campbell spoke out in favor of a possible 23 percent federal sales tax in return for wiping out federal income taxes. In the same spirit, she now supports replacing property tax revenue collected across Texas with income from the state sales tax. By itself, that move could drive the state sales tax rate to 14 percent or so. Then again, the conditions her campaign lays out could be taken as signals she’s not ready to embrace any sudden surge or broadening of the tax.Campbell’s two stances, taken years apart in campaigns for different offices, reflect on sales taxes at different levels of government.This claim distorts both positions by effectively combining the possible tax rates. All told, too, it’s ridiculous to assert that Campbell, who has signed no-new-tax pledges, is pushing or calling for an expanded sales tax set at 35 percent.Pants on Fire!","The claim that Donna Campbell is pushing a 35 percent sales tax extending to medicine, groceries, and real estate seems partially true in the sense that she advocated for a 23 percent federal sales tax on consumer goods and services when running for the U.S. House in 2010, as well as supporting moving away from property taxes in favor of end-user consumption taxes. However, there is evidence suggesting she does not support the specific claim as presented by her opponent, Senator Jeff Wentworth, who implies that Campbell wants to more than quintuple the state sales tax rate and start applying the tax to some essential items exempted from the sales tax.",0.6787311216704865
"Rubio cherry-picks the highest number he can find -- $800 billion in new taxes -- to garner opposition to the recently upheld health care law. He doesn’t tell readers anything more about the figure, including the fact that these ""taxes"" would be garnered over 10 years.His statement also indicates that rich and poor people will feel the effects of the law’s various revenue-raising provisions with the same degree of pain. But that’s not true. The law taxes wealthier Americans to a greater degree to provide more services for the poor.We rate this False.","The evidence presents conflicting information about the claim. Senator Rubio states that the health care law adds around $800 billion of taxes on the American people, citing a 2011 report by the nonpartisan Congressional Research Office and Joint Committee on Taxation. However, an expert at the Center for Studying Health System Change estimates that the tax increase over 10 years is about $20 billion when accounting for refundable tax credits and subsidies for health insurance. Meanwhile, Democrats claim that the law provides $828 billion in ""tax cuts"" over 10 years through various tax breaks and credits. This discrepancy makes it impossible to determine a clear label of True or False.",0.48221226802436257
"Crist said that in 2012, ""the secretary of state put together a list of over 100,000 people that they thought were ineligible to vote. Came out there were less than 10."" If Crist’s point was that only a tiny fraction of noncitizens were found on the voter rolls, that’s certainly true. But he’s wrong that the number was less than 10. The best data we could nail down from the state was that there were about 85 noncitizens removed as of August 1, 2012. We rate his claim Mostly False.","According to the evidence, while Crist initially claimed that there were less than 10 noncitizens removed from the voter rolls in 2012, he later admitted that his figure was incorrect and estimated it could be around 40 or so. Additionally, PolitiFact Florida's investigation found a total of at least 85 noncitizen voters removed as of August 1, 2012, with some county supervisors confirming even higher numbers.",0.6520846857807853
"Muder said that in 2011 Sen. Paul proposed cutting the CDC budget by $1.165 billion. Budget documents confirm that. In fact, Paul’s most detailed budget that year would have trimmed CDC spending by slightly more, about $1.2 billion. While the Senate approved two broad spending measures to fund the CDC in 2014, Paul voted against both. We rate the claim True.","The evidence provided shows that Sen. Rand Paul's 2011 budget actually proposed a 20% cut in the CDC's budget from its Fiscal Year 2008 levels, which amounts to either $1.209 billion or $1.275 billion in cuts. This is slightly more than initially described by liberal blogger Doug Muder as a ""big cut.""",0.5923469066619873
"Scarborough said Americans have ""have wandered away"" from the issue of climate change since 2004. They certainly did, as polls consistently show dips through 2010. However, support has inched back in recent years. While the recent gains remain below the 2004 levels, theoverall drop isn't as dramatic as Scarborough makes it sound. We rate this claim Half True.","While Joe Scarborough states that Americans ""bought into"" the concept of climate change and needed to move aggressively on it from 2004-06, the evidence shows mixed results in terms of public opinion on climate change. The Gallup and Pew polls indicate that while there has been a slight decline in public buy-in since 2004, the concern about climate change has fluctuated over time, with periods of increase and decrease. Therefore, it cannot be determined for certain whether Scarborough's statement is true or false based on the evidence provided.",0.4348151206970215
"Warner said the Social Security Administration’s Inspector General found ""there are 6.5 million people who have active Social Security numbers who are 112 years of age or older."" The audit Warner cites indeed found that there are an implausible 6.5 million active Social Security numbers belonging to people who would be at least 112. We rate Warner’s claim True.","According to the evidence provided by the Social Security Administration's Office of the Inspector General report and Patrick O'Carroll Jr.'s testimony, there are indeed 6.5 million people with active Social Security numbers who are 112 years of age or older. This number is based on an audit conducted by the auditors after they found that a bank reported that a man had opened accounts using the Social Security numbers of two different people, one born in 1886 and the other in 1893, which led them to investigate individuals aged 112 or older.",0.7713865884867581
"McDonnell said that if his proposed $56 car registration fee is approved, Virginia’s annual registration costs would still be ""equal to or lower than"" most states. The governor’s office, when asked, offers no proof to this claim.Information from AAA and the National Conference of State Legislatures shows the governor is wrong. Under McDonnell’s plan, Virginia’s registration would be higher than 28 states and lower than seven. The 14 other states have variables in their formulas for computing car registration fees that could result in charges that are higher or lower than the $56 McDonnell has proposed.The bottom line is that Virginia would have a higher car registration fee than most states. McDonnell’s claim has no basis and we give it our lowest rating, Pants of Fire.","The evidence provided shows that 28 states have registration fees lower than Virginia's proposed new fee of $56, and only seven states would have higher registration fees. Therefore, the claim that Virginia's registration fee, even at an average of $56, ""still puts us at a rate equal to or lower than most states"" is not supported by the evidence.",0.7404903036460542
"A Freedom Partners Action Fund ad claims that Cortez Masto ""went after Uber ... until she drove them out of town"" after receiving tens of thousands of dollars in donations from taxi companies. Freedom Partners got a couple of the details right in the amount of taxi industry donations and Cortez Masto’s aggressive legal actions against Uber. But there’s a convincing argument that Uber at the very least bent the rules, and it’s clear that Cortez Masto didn’t have some sort of individual vendetta against the ride-hailing company — her office was working with state regulators who specifically requested the attorney general take action. The ad also neglects to mention how Uber only temporarily left town. The ridesharing service is very much up and running through Nevada a year after its initial skirmish with the state. Because this ad takes things out of context, we rate it Mostly False. Editor's note: This story was updated shortly after publication to clarify how the state Attorney General's office responded to Uber's launch on Friday, Oct. 24, 2014.","The evidence suggests that Catherine Cortez Masto's office was trying to enforce existing regulations on Uber, which was operating without authority and illegally at the time. The Attorney General's office filed suit to shut down Uber, but it was not a straightforward case, with multiple jurisdictional issues and a complex regulatory structure in Nevada. Former officials from the Attorney General's office and the Transportation Authority described the situation as a legitimate attempt to enforce state law, rather than an ""overaggressive legal fight"" as claimed by Freedom Partners.",0.611268809516873
"Of the eight historians we checked with, all were at least skeptical that what Trump said actually happened, and some expressed disbelief even more forcefully than that. The only evidence of something approximating what Trump said stems from one letter documenting a different scenario written by a veteran more than a half century after the fact. Perhaps more important, the historians took issue with Trump’s suggestion that the tactic -- if it was even used at all -- actually worked to end tensions, noting that unrest persisted for years. In all, Trump’s claim is ridiculous, so we rate it Pants on Fire. UPDATE, Feb. 29, 2016: After we published this story, a reader pointed us to a memoir by Pershing titled My Life Before the World War, 1860-1917, which was republished in 2013 by the University Press of Kentucky. In the memoir, Pershing writes that another commanding officer in the Philippines, Col. Frank West, had in at least one case seen to it that bodies of Muslim insurgents ""were publicly buried in the same grave with a dead pig. It was not pleasant to have to take such measures, but the prospect of going to hell instead of heaven sometimes deterred the would-be assassins."" In a footnote, the editor of the 2013 edition, John T. Greenwood, cited a letter about the incident from Maj. Gen. J. Franklin Bell, the commander of the Philippines Division, to Pershing: ""Of course there is nothing to be done, but I understand it has long been a custom to bury (insurgents) with pigs when they kill Americans. I think this a good plan, for if anything will discourage the (insurgents) it is the prospect of going to hell instead of to heaven. You can rely on me to stand by you in maintaining this custom. It is the only possible thing we can do to discourage crazy fanatics."" While these writings do provide strong evidence that United States forces used pigs as a tactic against Muslim insurgents, they do not support the claim Trump made. There is no evidence that Pershing himself committed these acts, there is nothing said about the use of 50 bullets dipped in pig’s blood, and most important, there is no evidence to support Trump’s claim that this tactic was effective in stopping violence -- or that it would provide a useful policy today. When we ran this additional information by three of the historians we checked with for our original story -- Silbey, Linn and Janda -- they told us they agreed with our conclusion. Our rating remains Pants on Fire.","The evidence suggests that General John Pershing's story about dipping bullets in pigs' blood and using them to pacify Muslim rebels may be an apocryphal legend, but it is based on a letter written by a soldier who served under Pershing. However, historians agree that the evidence for this specific story is thin, and some question its accuracy or reliability. The story's authenticity cannot be confirmed with certainty, and its historical context and significance are also disputed among experts.",0.530780529669353
"Youngkin said, ""Over the last few years, more Virginians are moving away from Virginia than are moving to Virginia from the other 49 states."" IRS data backs him up. But Youngkin wraps the data in a questionable political context. He blames the last two Democratic governors for the net migration loss when research shows most of the drop has been caused by problems largely beyond any governor's control: federal budget cuts and high prices for buying a home in Northern Virginia. Youngkin’s statement is accurate but needs clarification. So, we rate it Mostly True.","The evidence provided from the Internal Revenue Service's annual statistics on households moving and filing federal tax returns shows that from 2013 to 2018, Virginia had a net loss of households each year, with an average annual loss of 5,600 families in the first five years after the change. Additionally, the U.S. Census Bureau estimated that Virginia lost a net 11,994 people through domestic migration during the 12-month period ending July 1, 2019.",0.5279644215901693
"Booker said, ""We built a new prison every 10 days between 1990 and 2005 to keep up with our mass incarceration explosion of nonviolent offenders."" Booker is right that a new prison was built every 10 days during that period. But while there was a significant rise in the incarceration rate of nonviolent offenders, it took place over a longer time period than the post indicates -- between 1980 and 2013. On balance, we rate his claim Mostly True.","The claim that ""We built a new prison every 10 days between 1990 and 2005"" is partially true based on the evidence. According to the Congressional Research Service report, there was an average increase of one facility every 10 days during this period if both state and federal prisons are considered. However, regarding the second part of the claim about ""a mass incarceration explosion of nonviolent offenders"", the evidence suggests that while the number of nonviolent offenders did grow significantly, most of this growth occurred before 1990 or in the federal system, not between 1990 and 2005 as Booker stated.",0.6386557932694753
"Clinton said, under Trump's tax plan, ""51 percent of single parents would see their taxes go up."" Trump’s proposal would simplify the federal tax code and provide tax cuts for many. But, analysts say, Trump’s plan would make changes that would affect some people negatively. Trump’s proposal to eliminate the head of household filing status and personal exemptions would raise federal income taxes for many single parents. We rate Clinton’s claim True. ","According to analysis from the Tax Policy Center, a report affiliated with the Urban Institute, 20 percent of households and more than half of single parents would wind up paying more in federal taxes under Donald Trump's tax plan. However, the specific claim that ""51 percent of single parents would see their taxes go up"" is disputed by this evidence. The report actually estimates that around 51 percent (or about 5.8 million households) are likely to see a tax increase, but it focuses on all single-parent households, not just single parents.",0.6792032320348044
"The Facebook post tells the story of a man who says he opted out of Obamacare soon after the marketplace was launched on Oct. 1, 2013, and was informed that he owed a fine of more than $4,000. The post includes many elements that make no sense or are flat-out wrong -- and can be easily debunked by reading the law or reliable summaries of it. We rate it Pants on Fire.","According to evidence provided by the Centers for Medicare and Medicaid Services (CMS), users cannot ""affirmatively 'opt-out' at the end"" of an application, but rather must either close the website or enroll in a plan. Additionally, multiple claims about the fines, such as the method of notification and calculation, are contradicted by the CMS and Treasury Department.",0.35871602990410545
"Grayson's claim about Wal-Mart employees on Medicaid and food stamps has support from several reports, although it's worth noting that some of them come from Democratic or labor-funded groups that are critical of Wal-Mart.Comprehensive figures are not available, but we did find considerable evidence that echoes Grayson’s point about employee dependence on public health assistance in several states. His claim about Walmart employees on food stamps is not as substantiated, but we did not find any substantial evidence that contradicted his point.His claim about the $1,000 cost has the least support because it's based on two studies that are eight years old. Also, the presence of Wal-Mart at the top of the list is not necessarily unexpected given its size and the nature of wages for retailing. On balance, we rate the claim Mostly True.","The evidence provided shows that in nearly all 24 states studied, Walmart employees represent the largest group of Medicaid recipients. Additionally, while there is less conclusive data on food stamp recipients, many studies and reports from various states support Grayson's claim that Walmart employees are among the largest group receiving food stamps.",0.6753644856611888
"Moshein said the University of Texas has a $7 billion endowment and its football program had a $50 million profit last year, indications it can afford to fund a medical school.His endowment tally seems about right and he undershoots football’s 2011-12 profits. However, such funds couldn't be siphoned off for a medical school--year after year at that--without socking existing commitments. We rate this statement as Half True.","The evidence provided shows that while the University of Texas has a significant endowment and generates profits from its football program, it is not free to allocate these funds as Moshein suggests. According to UT officials, including Randy Wallace and Kevin Hegarty, the majority of the endowment funds are committed to specific projects or operating costs, making it impractical for the university to use these funds for a new medical school.",0.6792495269624014
"Clinton said, ""Not one of the 17 GOP candidates has discussed how they'd address the rising cost of college."" While some Republican hopefuls haven’t had much to say on the issue, it’s not accurate to say none of them have. Rubio has made higher education spending a major plank of his campaign, and other candidates like Christie and Fiorina have set forth ideas and positions. Other candidates have at least mentioned the subject at times. We rate Clinton’s statement False.","The evidence shows that multiple GOP candidates, including Marco Rubio, Chris Christie, Carly Fiorina, Rand Paul, Jeb Bush, and Ben Carson, have discussed addressing the rising cost of college as part of their platform. Therefore, it is not true to say that none of the 17 GOP candidates has discussed how they'd address this issue.",0.6787720027616468
"Scott blamed a ""legacy of taxing and borrowing"" for the poor state economy he inherited. But the experts we contacted said that fiscal matters were a small factor, if at all. Real estate, the national recession, and their impacts on such key sectors as construction and tourism were the overwhelming causes. We rate Scott’s claim False. Update: Shortly after we published this fact-check, we received a response from Scott's office. We included it here, but it did not change our rating.","The evidence provided by experts on the Florida economy, including professors and analysts from various financial firms and universities, strongly suggests that problems of taxing and borrowing were not the major causes of the severe recession in Florida. According to the experts, the bursting of the housing bubble and the global financial crisis were far and away the largest factors crippling the Florida economy, with tax revenues falling during the recession but not sufficient to cause a downgrade in the state's credit rating.",0.5017925787575637
"After North Carolina replaced HB2, pro-LGBT activists said the compromise was not nearly enough. Caitlyn Jenner, one of the country’s most famous transgender celebrities, took that criticism a step further when she tweeted: ""The new law orders NC cities to discriminate against LGBT people until at least 2020 and unfair ‘bathroom bans’ remain."" Neither part of that is correct. The bathroom ban was repealed. And while the new law does continue banning cities and counties from giving LGBT people local discrimination protections, that’s not even close to the same as ordering discrimination. Her statement makes two claims. Neither is accurate, and we rate this claim False.","According to the evidence, the new law replacing HB2 removed the provision that banned transgender people from using the bathroom of the gender with which they identify. Additionally, the new law prohibits cities and counties from passing local anti-discrimination ordinances related to employment or public accommodations until at least 2020, but it does not order cities to discriminate against LGBT people.",0.664283149145745
"O’Donnell said that the United States had spent over $500 million to reach less than 1 percent of the Cuban population. The weight of the GAO findings, the assessment from one of the program’s early supporters, and outside experts largely confirm O’Donnell’s numbers. If anything, the government has spent more than O’Donnell said. He might have overstated how small the audience actually is, but independent government reviewers conclude that the audience is small. The new distribution methods of text and email come with some impressive numbers, but there is no verification that a substantial portion of these messages get through. While the quality of the data can be questioned, the numbers that do exist suggest O’Donnell was largely correct. We rate the claim Mostly True. Update: The Cuban telecomm company Etescasaid there are approximately 3.3million cell phone and land lines in Cuba. This story has been updated to reflect that point.","According to multiple reports and studies cited in the evidence, including those from the Government Accountability Office (GAO) and the Broadcasting Board of Governors, it appears that Radio Marti and TV Marti have indeed spent over $500 million with limited market penetration, reaching less than 1 percent of the Cuban population.",0.5907188458389111
"Collins said ""Because of #TaxReform, 4 million American workers have received raises and bonuses, and 90% of Americans are seeing bigger paychecks this month."" The first part of Collins’ claim is correct based on a compilation of companies from a tax cut advocacy group. PolitiFact used the same list when fact-checking Trump on a similar claim. The second part of Collins’ claim is less clear. The Treasury Department predicted 90 percent of workers would have lower federal taxes in February. We don’t know how many had higher take-home pay, Gleckman said. The statement is accurate but needed additional information. We rate it Mostly True. PolitiFact Republican guest columnist and former U.S. Rep. David Jolly said PolitiFact’s fact-checking of this statement ""reveals the challenges confronted by disciplined fact-checkers toconfine themselves only to a politician’s specific comment, and the challenges equally faced byreaders of PolitiFact whose opinions may often be arrived at through a broader analysis ofadditional facts not addressed in a single fact-checking column. Whether Rep. Collins’ assertionrepresents the full policy implications of the new law or whether it intentionally avoids theadditional complexities of its impact, the fact is his statement was accurate."" Read his critique here.Read more about our guest columnistshere.","The evidence supports that at least 4 million American workers have received raises and bonuses due to #TaxReform, which is consistent with President Trump's previous claim that ""3 million workers in the U.S. had already received a pay increase or bonus thanks to the tax bill"". However, it contradicts the second part of Collins' claim that ""90% of Americans are seeing bigger paychecks this month"" as experts suggest that while 90% may receive a tax cut, many may not see higher take-home pay due to factors like higher health insurance premiums.",0.6747699001173335
"The meme says the 1956 Republican Party platform supported equal pay, the minimum wage, asylum for refugees, protections for unions and more. That’s generally correct. However, it’s worth noting that other elements of the 1956 platform were considered conservative for that era. Also, some of the issues have changed considerably between 1956 and 2012, such as the shift from focusing on post-war refugees to focusing on illegal immigration. The claim is accurate but needs clarification or additional information, so we rate it Mostly True.","The evidence shows that the Occupy Democrats meme accurately describes seven elements of the 1956 Republican Party platform, including support for equal pay, asylum for refugees, and labor unions. The article provides quotes from the original 1956 platform document to verify these claims. While there are some nuances in the language used, the overall content of the platform matches the meme's description.",0.5510733266671499
"Pence said in Dallas that ""along the southern border of the U.S.,"" the government apprehends ""seven individuals a day who are either known or suspected terrorists."" We found no facts that back up this border-specific tally. Nationally in 2017, the federal government says, Homeland Security stopped 2,554 individuals on its terrorist watch list from entering the country, which breaks out to seven people a day. Most of those individuals tried to enter by air, the government says. We rate Pence’s claim Pants on Fire. PANTS ON FIRE – The statement is not accurate and makes a ridiculous claim. Click here for more on the six PolitiFact ratings and how we select facts to check.","According to the 2018 report by the Justice Department and Homeland Security, in 2017, Homeland Security had 2,554 encounters with individuals on the terrorist watch list traveling to the United States, which breaks out to approximately seven individuals a day. This information directly supports Pence's statement during his visit to Hidalgo, Texas.",0.6476020572890698
"In trumpeting Vermont’s success tackling the opioid epidemic, Scott said waitlists for treatment in Chittenden County had fallen from about 700 to zero. He’s right that, according to available data, there is basically no longer a waitlist for treatment at Chittenden’s regional hub at the Howard Center. But he’s completely off the mark when it comes to how long the waitlist was when he first came into office. We rate this claim Half True.","The evidence shows that when Gov. Scott took office in January 2017, the waitlist number for Chittenden County was 134, not 700 as claimed by the governor. However, it also shows that the numbers tracked by the state do show a precipitous decline in waitlists at hubs since 2017, with no waitlists for treatment at any hubs in March, May, June, July and August of 2018, and zero people on the waitlist at the Howard Center's Chittenden Clinic from September 2017 to August 2018. The claim that the new treatment hub in St. Albans ""reduced that number (of 700) to zero"" is therefore supported by state data for the waitlists at hubs, but not entirely accurate regarding the initial number of people on the waitlist.",0.6408605775412392
"An ad by the National Republican Senatorial Committee says that while governor, Strickland ""proposed cuts for services for children"" and ""wasted over $250,000 remodeling his bathrooms at the governor’s mansion."" Strickland did propose budget cuts in the midst of the national economic downturn, many of which affected services for low-income families. But the ad suggests that the money used to renovate the restrooms at the governor’s residence could have been used to fund those services. In reality, the funding sources -- the Americans with Disabilities Act, and residence-specific dollars reserved by Strickland’s predecessor -- would not have been available for shoring up programs affected by budget cuts. The ad calls the bathrooms ""his,"" as in Strickland’s. But they weren’t -- they were for public visitors of the governor’s residence and surrounding property. The ad flushes the facts, so we rate it Pants on Fire! ","The evidence shows that the $250,000 remodeling was not done for Ted Strickland's personal use, but rather to accommodate tourists visiting the governor's mansion. Additionally, more than half of the cost came from funding through the Americans with Disabilities Act.",0.5720343606112755
"Grimes said that raising the minimum wage to $10.10 an hour would lift ""over a million Americans out of poverty."" The report she sites actually puts the net figure slightly less than a million, at about 900,000. Grimes’ campaign later said she misspoke but our job is to check what the candidates tell the voters at the time. The stat Grimes actually said is close but not quite on the ball. We rate the statement Mostly True.","According to the Congressional Budget Office (CBO) report, raising the minimum wage to $10.10 an hour would increase the net income of those living at or below the federal poverty level by $5 billion, which is enough to move approximately 900,000 people above that threshold. This aligns with Grimes' claim that ""over a million Americans"" would be lifted out of poverty. Although the CBO estimate of 900,000 people is not exactly ""over a million,"" it suggests that the figure could be close to or slightly higher than one million if some of the estimated job losses result in families falling below the poverty line.",0.6533937829814545
"Brady said: ""Texas families have kept more than $10 billion in their family budgets since we successfully fought to restore Texas' sales tax deduction a decade ago."" While that’s a squishy figure -- an estimate that can’t be pinned as a fact unless you somehow divine every Texan’s marginal tax rate for each of the 10 years, for starters -- it appears to be reasonable. It’s also so that families that had these savings were mostly better off; lower-income taxpayers tend not to itemize deductions. We rate the statement True. TRUE – The statement is accurate and there’s nothing significant missing. Click here for more on the six PolitiFact ratings and how we select facts to check.","According to the calculations by the PolitiFact team, using data from the IRS, it is estimated that Texans' deductions over the decade totaled nearly $40 billion, leading to a likely tax savings of around $10.8 billion or almost $10 billion when assuming different marginal tax rates.",0.5631299159743569
"Democrats said Gillespie’s book ""promoted an individual mandate."" Gillespie’s 2006 memoir states that one way of reforming health care is to require people to carry insurance or have their standard tax deduction cut in half. That fits the definition of an individual mandate. Gillespie’s campaign denies this is the case, but declines to provide a clear explanation. It should be noted that Gillespie offered tax consequences as one possibility for reforming health care. His book suggested Health Savings Account as another way to ensure adults get coverage. Webster’s New World College Dictionary defines ""promote"" as ""to help bring about"" something. Although it may not have been Gillespie’s intention, his unclear book passage can be easily interpreted as advancing the idea of individual mandates during a formative time for health policy. So we rate the Democrats’ claim Mostly True.","Despite the Democrats' claims, the evidence shows that Ed Gillespie's 2006 book ""Winning Right"" actually proposes alternative ways to ensure people have health insurance, such as using tax-free Health Savings Accounts or rewarding those who obtain insurance coverage with tax-free savings. Although some of the language used in the book may sound pro-mandate, health care experts like Ted Marmor and Michael Tanner interpret the policy described by Gillespie as the functional equivalent of an individual mandate without using the words ""mandate"" and ""fine"". Additionally, in subsequent years, Gillespie became a steadfast opponent to the individual mandate in Obamacare.",0.6316386693346817
"Abortion foes like Gaetz argue the federal rules are little more than an accounting trick, that if federal subsidies go to someone who chooses a plan that covers abortion, it's the same as taxpayer-funded abortion.But we think it's misleading to call it taxpayer-funded abortion when the law requires abortions be paid solely through a portion of the premiums (not tax dollars) paid by people who choose a plan that covers abortions.We rule Gaetz's statement False.","The evidence shows that the federal health care law allows insurance companies in the exchange to offer abortion services, and requires that they be paid for from a segregated pool of money funded through patient premiums, rather than taxpayer dollars. Additionally, states have the option to opt-out of abortion coverage altogether.",0.6501080644541773
"Florida students take ""an array of standardized high stakes tests which eat up as much as 45 school days per year,"" said James, a Miami-Dade teacher. Test days do appear to have risen in recent years, and students are not only affected by the tests they take themselves, but also by the impact of other students in their school taking tests. Pinpointing the number of days that students take standardized tests is difficult because it varies widely depending by grade, school, district and other factors. Even so, critics of the amount of testing did not provide hard evidence of any student takenup with testing for 45 total days a year, much less that it is a typical result in Florida. In fact, James’ own district said that the maximum number of hours spent on such tests would equal about 44 hours -- a small fraction of the figure James cited. We rate this claim False.","The evidence suggests that the amount of testing hours per year can vary greatly depending on grade level, courses, and district. While some sources indicate that students may take up to 45 hours or even as much as 60-80 days of tests, others argue that this is an oversimplification and the actual number of hours spent on testing is closer to 5% of school hours (which would be approximately 45 hours). There is no clear consensus among experts and data providers, making it impossible to determine with certainty whether James' claim of ""as much as 45 school days per year"" is true.",0.6158046033275261
"Jones said, ""Only 14 percent of Americans were able to keep these individual market plans for two years"" before Obamacare became law. He was trying to make the point that canceled policies have been the norm in the individual insurance market long before the Affordable Care Act. His figure is 3 percentage points off of a 2004 study that found only 17 percent of individual policyholders kept their plans for more than two years. More importantly, though, a health policy expert said Jones probably went too far in indicating that insurance companies were to blame for the high turnover. Many people enter that market for the purpose of buying short-term protection. That means people in the individual market might be dropping the health insurance plan they have as much as insurance companies might be canceling the plan altogether. We rate the statement Half True.","While the evidence suggests that only around 17% of people in the individual marketplace were able to keep their plans for more than two years, it does not necessarily support Jones' claim that insurance companies canceled the plans as the primary reason for this low retention rate. Experts such as Timothy Jost and Gail Wilensky provide alternative explanations, including high administrative costs, inability to pool risk among healthy and sick patients, and policyholders moving between employer coverage or choosing new plans. Additionally, a 2004 study by the Kaiser Family Foundation estimated that about 45% of policies remained after two years, which is a significantly higher estimate than Jones' claim. Therefore, it cannot be determined with certainty whether the claim is true or false based on the evidence provided.",0.5056468704613772
"In a new Web ad, the state GOP portrayed Crist as a man who didn’t keep his word when it comes to raising taxes. The record there is pretty clear. Crist signed a pledge saying he would oppose efforts to increase taxes, yet signed a budget that included a $1-a-pack cigarette tax. However, the state Republican Party went unnecessarily far when it tried to say that it took Crist just two weeks to break that promise. The pledge he signed two weeks before approving the cigarette tax did not apply. We rate the Republicans’ claim Mostly False.","The evidence suggests that Charlie Crist signed two taxpayer pledges, one in 2005 and another in 2009, with different conditions. The claim is that he broke a pledge ""two weeks after signing"" the 2009 budget. However, the first pledge did not apply to state taxes, only income tax rates, so breaking it by implementing a cigarette tax would not be considered a breach of promise. Meanwhile, Crist's actions in allowing the $1-a-pack cigarette tax do appear to violate his older pledge from 2005. The Republican Party of Florida acknowledges this mistake in the ad's phrasing and instead points out that Crist did sign a taxpayer protection pledge that he broke, but not in the manner initially claimed.",0.6554873074804033
Herring said there have been six presidential election year confirmations for Supreme Court seats going back to 1900. There indeed were six justices confirmed during presidential election years in that time frame. We rate his claim True.,"The evidence supports that six U.S. Supreme Court justices have been confirmed during election years since 1900, including Justice Anthony Kennedy, who was confirmed in the final year of the Reagan Administration. Multiple sources are cited to confirm this claim, including a nearly identical claim on the White House website and an article in The New York Times about presidential election year confirmations.",0.6200483057809912
"Bilirakis said that the Paris accord could cost the United States 2.7 million jobs by 2025, citing a NERA study that presented this projection. But the study is unreliable, using an extrememodel that does not consider the possible benefits of carbon regulation and rules out investment, flexibility or technology that would lead to more jobs. And as NERA itself stated, the study was not designed as a cost-benefit analysis of the Paris accord. We rate this statement False.","The evidence provided shows that the study's results were presented in a misleading way, and its assumptions are based on an extreme model. Additionally, the study predicts the potential impact of hypothetical U.S. regulatory action to meet the carbon emission goals pledged in Paris, but the Paris agreement does not require actions, as it was not binding. The development of future products and services, such as renewable energy sources, is also ignored in the analysis, which would likely lead to job creation rather than loss.",0.46293606395656994
"A program overview for 95 Express shows Gov. Scott was about right when he said speeds for rush-hour traffic in non-toll lanes had improved from 25 mph to 45 mph. DOT's first study of the program shows traffic speeds during the peak periods were actually lower than 20 mph before the program. In 2010, traffic speeds during peak periods increased by 35 mph for southbound general lanes and by 22.5 mph in northbound general lanes. Still, Scott misidentified the program's location. We rate his claim Mostly True.","The claim that adding toll lanes on I-95 in Broward County improved rush-hour traffic for non-toll lanes from 25 mph to 45 mph is false because it was actually in Miami-Dade County, not Broward County, where the express lanes were implemented. According to the evidence, southbound traffic in non-toll lanes jumped to an average of 51 mph during morning rush hour, a 35.7 mph leap, but this improvement occurred on I-95 in Miami-Dade County, not Broward County.",0.5916354553452854
"The N.C. GOP says part of the Democrats’ agenda is to ""force all North Carolinians into a single-payer health insurance scheme"" that would cost $72 billion. As for implementing a single-payer healthcare system, the GOP is right about the potential cost. But they’re misleading voters about what the bill would do, who supported it and what the Future Now pledge represents. The bill directed a study — not implementation of a single-payer health system. It was sponsored by 10 Democrats and hasn’t been pushed by the party as a whole. The Future Now pledge, meanwhile, doesn’t specifically endorse a single-payer health care system. We rate this claim False. This story was produced by the North Carolina Fact-Checking Project, a partnership of McClatchy Carolinas, the Duke University Reporters’ Lab and PolitiFact. The NC Local News Lab Fund and the International Center for Journalists provide support for the project, which shares fact-checks with newsrooms statewide.","While the Future Now group, supported by Democrats, advocates for ""universal, affordable health coverage"", it does not explicitly endorse a single-payer system. In fact, according to Daniel Squadron, executive director of Future Now, there is a distinction between single-payer and universal health care, with the latter referring to how many people are covered, not who's paying for it. Furthermore, PolitiFact asked the fiscal research staff whether a single-payer system would ""force"" North Carolinians into such a plan, and the response was that it does not seem to kick anyone off their current insurance but also expects most people to voluntarily drop their existing coverage rather than pay for double coverage. The bill in question, HB 916, introduces but doesn't implement a single-payer system, and its sponsors did not explicitly pledge to force all North Carolinians into such a plan.",0.6435981425745734
"Schweizer said, ""Of the 13 (Bill) Clinton speeches that fetched $500,000 or more, only two occurred during the years his wife was not secretary of state."" We're not checking Schweizer's suggestion that the increased speaking fees were part of a plan to curry favor in his wife's State Department. But on the specific numbers, Schweitzer is correct. Hillary Clinton’s financial disclosure forms from 2001 through the end of 2012 confirm Schweizer’s claim. We rate it True.","The evidence provided shows a list of 13 speeches given by Bill Clinton with fees of $500,000 or more. It is stated that ""only two happened before"" Hillary Clinton became secretary of state in January 2009. This information directly supports the claim made in Schweizer's book.",0.5594257319873234
"Gallego said 97 percent of food stamp benefits ""are paid in the proper amounts to people who are really eligible.""We are mindful this claim did not speak to misdeeds that can occur once someone receives food stamps. Setting that aside, nearly 3 percent of such payments were overpayments in fiscal 2011, the latest year of available data, and nearly 1 percent were underpayments, according to the government. That’s a total of about 96 percent.Gallego’s statement comes close enough. We rate it as True.","The evidence provided, specifically a blog post from the Center for Budget and Policy Priorities and government data posted online by the Agriculture Department, supports Gallego's claim that 97 percent of food stamp benefits are paid in proper amounts to eligible residents. According to the center, only 3 percent of SNAP benefits represent overpayments, with 2.99% being the national overpayment rate for fiscal year 2011.",0.7400235085827964
"Higgins said New York state taxpayers could lose as much as 9 percent of their taxable income if state and local tax deductions end. Higgins meant to say residents would no longer be able to deduct 9 percent of their income from their federal taxes, not that they would lose that money outright. But even if he said what he meant, that would still be inaccurate. House Republicans came to a compromise on property tax deductions that refute the numbers in his statement. We rate the claim False.","The evidence provided supports Rep. Higgins' claim that eliminating income and sales taxes in New York would be equivalent to 9 percent of taxable income. According to data from the Government Finance Officers Association, the average state and local tax deduction in New York is equal to 9 percent of a filer's income. Additionally, a senior fellow at the Tax Policy Center estimated that people making between $75,000 and $100,000 deduct $9,949 on average in state and local taxes, which would be subject to taxation if repealed.",0.6204618603796572
"There is some disagreement over how much Medicare pays in overhead. It could be a few percentage points higher than the 1 to 2 percent that Boxer cites. But Boxer’s numbers are defensible since they come straight from the Medicare trustees’ report.Meanwhile, Boxer’s 20 percent-to-30 percent figure for the private sector is more squishy. Some plans have overhead rates that high, but only a fraction do, and the industry-wide average is quite a bit lower -- 11 to 12 percent.We’re convinced that Boxer’s underlying point -- that private plans have higher overhead than government plans -- is correct, if for no other reason than that profits matter only for private insurers. But for most plans and patients, the difference between Medicare overhead and private-sector overhead is not as great as she suggests. So we rate her statement Half True.","According to the 2011 Annual Report of the Boards of Trustees of the Federal Hospital Insurance and Federal Supplementary Medical Insurance Trust Funds, Medicare's administrative expenses were $7 billion out of a total expenditure of $522.8 billion in 2010, which is approximately 1.3 percent, consistent with Boxer's statement.",0.5879564548983719
"Obama said that Lynch’s nomination ""has been now sitting there longer than the previous seven attorney general nominees combined."" Mathematically, Obama was correct if you start counting from Lynch’s initial nomination, but short by 19 days if you start counting from the resubmission of her nomination to the newly installed Republican-controlled Senate. Either way, it’s clear that Obama has a point that Lynch’s delay has been long by historical standards, especially for a Cabinet nominee. We rate the claim Mostly True.","The evidence provided by the Senate Historical Office shows that Lynch's nomination has been delayed for 155 days (and possibly more), which is longer than the combined delay of the previous seven Attorney General nominees, who waited a total of 119 days.",0.7078103525297983
"Priebus said Clinton ""went from a 70-percent approval rating"" down to ""about 52"" in 18 months. Her favorability dropped 18 points in one poll from Bloomberg during that time. But Bloomberg’s poll from December 2012 had Clinton’s favorability 12 points higher than the average poll taken around the same period. It’s true Clinton’s numbers are down overall since the end of 2012, so we’ll give Priebus credit for identifying the trend and accurately citing one recent poll, but we’ll also knock him a few points for cherry-picking his findings to exaggerate her fall. Onbalance, we rate his statement Half True.","The evidence shows that Clinton's favorability rating did decrease over time, but the extent of the drop is disputed. Some polls, including the Bloomberg National Poll cited by Priebus, show a significant drop from 70% to 52% in 18 months. However, other polls and aggregate averages suggest a more modest decline, with some polls showing her favorability at around 55-58% in December 2012 and currently at around 52%. The trend analysis by Charles Franklin finds an average decline of about 8 points over the last 12-20 months, but this is lower than Priebus's claimed drop.",0.6083027117782169
"Clinton said Trump’s tax plan will give the wealthy ""more than the Bush tax cuts by at least a factor of two."" After-tax incomes for the top 1 percent of taxpayers increased by 5.4 to 6.7 percent thanks to the Bush tax cuts. The same group would see incomes gains of 10.2 to 19.9 percent under the Trump tax plan, if not more. Measuring it in a different way, the top 1 percent received a tax break equivalent to 0.66 percent of GDP under Bush. Trump’s tax plan would deliver a cut equivalent to 1.32 percent of GDP. We rate Clinton’s claim True. ","According to the Tax Foundation's analysis, the top 1 percent of taxpayers would see their after-tax incomes increase by 10.2 to 19.9 percent under Trump's tax plan. Additionally, a separate analysis by the Tax Policy Center estimated that the top 1 percent would see a 13.5 percent gain in after-tax income. These estimates are compared to the Bush tax cuts, which increased the after-tax income of the top 1 percent between 5.3 and 6.7 percent. Therefore, the evidence supports the claim that Trump's plan gives the wealthy and corporations more than the Bush tax cuts by at least a factor of two.",0.7696829103073984
"Gallego said Hurd recently ""quit his post on the House Committee on Small Business saying that he was unable to find the time to serve."" Hurd, who separately had two other committee assignments, quit the small-business panel stressing his desire to focus on security-related subcommittee assignments. Gallego’s statement, leaving the impression Hurd said he lacked time to serve, left out important details. We rate his claim Half True. HALF TRUE – The statement is partially accurate but leaves out important details or takes things out of context. Click here for more on the six PolitiFact ratings and how we select facts to check.","According to the evidence provided, Congressman Hurd's resignation from the House Committee on Small Business was not due to a lack of time. His letter to Speaker John Boehner dated March 16, 2015, stated that he was resigning in order to focus on his existing committee assignments and serve his constituents more effectively. This contradicts Gallego's claim that Hurd said he was unable to find the time to serve. Additionally, evidence from the Congressional Record and other sources shows that Hurd had a valid reason for leaving the committee, citing his multiple assignments and desire to focus on serving his district.",0.6388330669885272
"AIF rolled out a big ad campaign to combat SB 1832, saying the insurance industry’s ""working tax cut"" created ""over 40,000 new jobs in just the last four years."" The problem is the number, which is cherry-picked and wrong. And even if the jobs number was right -- and again, it's not -- experts say the tax cut would only be one factor in a company's decision to expand operations in Florida. We rate AIF's claim Pants on Fire!","According to evidence from the Florida Office of Insurance Regulation's reports and data from the Bureau of Labor Statistics, the insurance industry in Florida lost jobs between 2007 and 2010, and at most gained 100 new jobs between 2007 and 2010. This contradicts AIF's claim that the ""working tax cut"" created over 40,000 new jobs in just the last four years.",0.6004222647897128
"The claim that the Obama administration has issued rules for ""$1 abortions in ObamaCare"" is ridiculous; the administration has simply set a floor for how much money per month of the premiums paid by those who have chosen plans that include abortion must be placed in a segregated account in order to make sure that there’s enough money available to pay for abortion services incurred by people enrolled in that plan. The bigger charge -- that the Obama health care law ""requires all persons enrolled in insurance plans that include elective abortion coverage to pay a separate premium from their own pockets to fund abortion"" -- is also incorrect. The provision in question only affects people who purchase insurance plans that cover abortion and who do so on the exchanges -- a much narrower group than the claim suggests. And people who make such purchases will be paying their private dollars into abortion coverage accounts voluntarily. Despite some puzzling wording, ultimately the law allows for full disclosure of its abortion rules at the most obvious time, when someone is signing up for coverage. On balance, we rate this claim False.","The claim of ""$1 abortions in ObamaCare"" is false because it misinterprets the actual meaning of the $1 figure. According to the evidence, this amount refers to the minimum premium that insurers must allocate per beneficiary into the abortion account, not the cost of an abortion itself. Additionally, while some plans on the exchanges may include abortion coverage and require individuals to pay a separate premium for it, it does not apply to all persons enrolled in insurance plans that include elective abortion coverage as the claim suggests.",0.7028930057178845
"Mook wrote, ""In last week’s debate, Bernie questioned Hillary’s commitment to fighting climate change because a whopping 0.2 percent of the money given to our campaign has come from employees of oil and gas companies. Not even 2 percent, mind you: 0.2 percent."" Mook’s statement is accurate, though it’s carefully constructed to exclude donations by lobbyists who have at one time represented the industry -- a point made by Sanders, though its relevance is up for debate. The statement is accurate but needs additional information, so we rate it Mostly True. ","The evidence shows that Hillary Clinton's campaign did receive a significant amount of money from employees of oil and gas companies, with 0.17% of total donations coming from them. However, the article raises caveats about this statistic, pointing out that Mook excluded other relevant donations, such as those from lobbyists with ties to oil and gas interests. The Sanders campaign argues that these additional donations would bring the total amount received from oil and gas interests closer to 0.8%. While there is evidence supporting both claims, it cannot be determined for certain which one is true based on the provided information.",0.5201933024804803
"Bachmann said, ""a report just came out that if we continue with President Obama's policies, we're looking at over 9 percent unemployment next year in the fourth quarter."" But that jobless rate is based a projection of ""current law,"" which would only happen as a result of a standoff between Congress and the president, not Obama’s own policy priorities. Unemployment would rise in the face of immediate deficit reduction — something that more closely resembles Bachmann’s preference than the president’s.The 9 percent unemployment figure is mentioned in the CBO study, but it is inaccurate for Bachmann to say it is under Obama's policies. We rate the claim False.","The claim states that continuing President Obama's policies would lead to over 9 percent unemployment in the fourth quarter next year, but according to the evidence from the Congressional Budget Office (CBO) report, this projection is based on current laws being left unchanged, not on continuing President Obama's policies. However, it is also noted that if lawmakers and the president work out a deal that keeps tax cuts and avoids automatic spending cuts, the unemployment rate will actually drop to 8 percent, which is closer to Obama's policy goals. Therefore, it cannot be determined for certain whether the claim is true or false based on the evidence provided.",0.5812233771296109
"The Facebook post claims Melania Trump removed the roses planted by her predecessors going back to 1913. That’s wrong. Over the years, roses have both died and been replaced as different administrations have left their mark on the White House Rose Garden. Only about a dozen rose bushes remained before this most recent renovation. We rate this Facebook post False.","The evidence provided indicates that the Rose Garden was renovated under Melania's direction, but it was done to address maintenance and drainage issues, as well as to make the garden more accessible. According to landscape historian Marta McDowell, roses are living things and can die off or need to be replaced over time, which supports the claim that the renovation involved replacing old plants with new ones rather than removing historic roses from every First Lady since 1913.",0.6514189839363098
"U.S. Rep Annie Kuster said the Republican-backed bill she voted for wouldn't pause the resettlement of Syrian refugees. While a number of House Democrats agree with her, the White House and Republicans believe the contrary, saying the bill would either slow down or stop the flow of refugees. Although there’s nothing in the bill that says it will specifically cause a pause, a reasonable reading of the legislation could lead to such an interpretation. Kuster’s claim ignores critical evidence that could lead to an opposite conclusion. We rate her statement Half True.","The evidence provided contains conflicting statements regarding whether the SAFE Act would ""pause"" the resettlement of Syrian refugees in the United States. On one hand, Rep. Annie Kuster stated that the bill does not pause the program and that it requires only an extra certification stamp to move forward with admitting refugees. On the other hand, multiple sources including the White House, U.S. Attorney General Loretta Lynch, and FBI Director James Comey suggest that the bill would create significant delays in the fulfillment of the refugee program. Additionally, supporters of the bill have also referred to it as requiring a ""pause"" in admitting Syrian and Iraqi refugees while a new vetting process is established.",0.5614010467634096
"At a news conference, Christie claimed Ronald Reagan ""was behind in the polls in 1980 going into the debate with Jimmy Carter and then turned around 10 days later and won 40 states.""Reagan went on to win 44 states, but it was not necessarily the comeback victory described by Christie. Reagan was behind in some polls and ahead of Carter in others. Given the margins of error for the polls, the race was ""too close to call"" and a ""virtual dead heat,"" articles show.We rate the statement Half True.  To comment on this ruling, go to NJ.com.","Although some polls showed Jimmy Carter with a slight advantage over Ronald Reagan in the days leading up to their debate on October 28, 1980, other polls had Reagan ahead or indicated that the race was too close to call due to margin of error. Given this conflicting information, it cannot be determined for certain whether Reagan was truly ""behind in the polls"" going into the debate.",0.7217192302961819
"Jerven said that for 21 countries in Sub-Saharan Africa, ""we simply do not have data to say anything about trends in poverty."" His number comes directly from a careful vetting of poverty surveys by the World Bank. That analysis described in detail the holes in the information needed to track poverty. Jerven pushed his point a bit too far by saying that we can’t say anything about trends. Alternative methods give a reasonably reliable picture of overall trends, even if they can’t tell policy makers what the actual poverty rate might be. But at the end of the day, the consensus among the experts we reached is that the gap Jerven talked about is real and rather than use workaround techniques, everyone would prefer solid data. We rate this claim Mostly True. ","According to the World Bank, for 2012 only 27 out of 48 countries in Sub-Saharan Africa had conducted at least two comparable surveys since 1990 to track poverty. This aligns with Jerven's statement that ""we simply do not have data to say anything about trends in poverty"" for at least 21 countries. The World Bank also identifies issues with the data points, including problems with matching and consistency, which supports Jerven's contention that the data behind claims of poverty reduction is suspect.",0.6895206046658893
"Patrick said Texas this year will ""have more money in reserve than the other 49 states combined."" On our inquiry, Patrick acknowledged this was a misstatement. Indeed, what he celebrated turned out to be incorrect and ridiculous. Pants on Fire! PANTS ON FIRE – The statement is not accurate and makes a ridiculous claim. Click here for more on the six PolitiFact ratings and how we select facts to check.","The evidence provided indicates that while Texas has a significant amount of money in reserve funds, the sum total of reserves in other states is not less than $8.5 billion (the amount cited by Lt. Gov. Dan Patrick). According to multiple sources, including the National Association of State Budget Officers and the Pew Charitable Trusts, the 50 states together are projecting around $53 billion in 2015 fiscal-year-end reserves, with Texas accounting for about $10-11 billion and Alaska accounting for over $10 billion. Additionally, other states such as California, New York, Ohio, Massachusetts, Florida, and Indiana have a combined total of reserves that is greater than Texas'. Therefore, it cannot be concluded that Texas has more money in reserve than the other 49 states combined.",0.6538874056604174
"Barry Hinckley, in raising questions about whether the United States should be giving foreign aid to countries such as Egypt, said that 80 percent of Egyptians oppose receiving foreign aid from the United States.A Gallup poll taken in February shows that he's right in the ballpark.We rate his statement as True.(Get updates from PolitiFact Rhode Island on Twitter: @politifactri. To comment or offer your ruling, visit us on our PolitiFact Rhode Island Facebook page.","According to two independent polls conducted in Egypt, one by Gallup between Jan. 31 and Feb. 7 with a margin of error of plus or minus 3.4 percentage points, and another by the Pew Research Center from March 19 to April 10 with a margin of error of plus or minus 4.2 percentage points, more than 80 percent of Egyptians do not oppose receiving foreign aid from the United States.",0.7319314432925865
"The Facebook post says Harvard scientists say the coronavirus is ""spreading so fast that it will infect 70% of humanity this year."" An epidemiologist at the university has said that 40% to 70% of the world’s adult population could be infected in the coming year. But that is a projection, and other projections vary. We rate this post Half True.","The claim states that Harvard scientists predict 70% of humanity will be infected this year, but Mark Lipsitch, an epidemiologist at Harvard’s Center for Communicable Disease Dynamics, estimates that 40% to 70% of the world’s adult population could be infected in the coming year, not specifically ""this year"". This difference in language is significant, as it implies a timeline, and without further clarification from other sources, this claim appears to be an exaggeration or misrepresentation of Lipsitch's statement.",0.5277714234811288
: Dudgeon’s on target with his claim that the vast majority of states have an appointed state school superintendent. We rate his statement True.,"According to evidence provided by the Council of Chief State School Officers and the Education Commission of the States, 37 states have appointed superintendents, while only Georgia, Wyoming (which is considering switching), and 12 other states have elected superintendents.",0.6029609457651773
"In a TV ad, the U.S. Chamber of Commerce says Baldwin supports raising taxes by $858 billion, citing her vote against a bill that primarily contained tax cuts.It’s true that had Baldwin’s side prevailed and if no other action was taken, taxes would have increased, although not by the full $858 billion.But Baldwin did vote separately for a measure that would have extended most of the Bush tax cuts. And it can’t be assumed that the Bush tax cuts would not have been extended had the bill Baldwin opposed not become law.There’s only an element of truth in the chamber’s claim, which is our definition for Mostly False.","The claim is based on a misleading interpretation of Rep. Tammy Baldwin's vote against an $858 billion bill that extended the Bush-era tax cuts. While it is true that the bill added nearly $858 billion to federal budget deficits over 10 years, this figure includes not only the extension of the tax cuts but also other measures such as a new payroll tax cut and the extension of unemployment benefits. Baldwin's vote against the bill does not necessarily mean she supports raising taxes by $858 billion. In fact, she had previously voted for an alternative bill that would have extended the Bush tax cuts permanently for families earning less than $250,000.",0.6518597470747458
"Freitas says, ""VA Democrats authorized for early release over 4,000 inmates, 60% of which are incarcerated for violent offenses."" He’s talking about a budget amendment the Democratic-run legislature muscled through at Northam’s request to combat a COVID-19 outbreak in prisons. Freitas’ numbers are good, but his statement lacks context. He didn’t mention - in his Facebook post or during his town hall broadcast - that all of these inmates will be less than a year away from finishing their sentence. They’ll getting out soon anyway, regardless of whether they’re granted early release. So we rate his statement Mostly True.","According to the evidence, 4,446 inmates would be eligible for early release (2,761 of whom are classified as violent offenders), whereas Freitas claimed it was 4,000. Additionally, he stated that 60% were incarcerated for violent offenses, but according to the Department of Corrections' classification, only 62% of the eligible inmates are considered violent offenders under parole abolition laws.",0.5352311963384802
"Pence said, ""Today, there are more Hoosiers going to work than ever before in the 200-year history of the great state of Indiana."" Literally, Pence has a point: More Indiana residents are employed now than at any time in the past. But it’s a data point with very little meaning, since, as any statistician will tell you, it doesn’t take into account the size of the state’s population. Looking instead at the percentage of Hoosiers working shows that the percentage was higher during the previous employment peak in 2000. And the widely used unemployment rate — which is even more precise because it is based on the number of residents who are actively looking for a job — has been lower than its current rate over long stretches of recent history. We rate the statement Half True.","According to the evidence provided, while it is true that more Hoosiers are working today than ever before in terms of raw numbers (3.07 million in May 2016), when looking at the percentage of Indiana's population that is working, a bigger percentage was working in 2000 (49.7%) compared to 2016 (47.3%). Additionally, when considering only residents between the ages of 18 and 64, the prime working years, the comparable figure in 2000 was also higher than in 2016.",0.6023302692633409
"Freitas’s ad says Spanberger and other Democrats ""voted to spend public funds on their political campaigns; up to $5 million..."" The claim refers to votes Spanberger and 233 of her Democratic House colleagues cast on March 8, 2019 for a bill that would provide a 6-to-1 match on small-dollar contributions to congressional candidates. Bloomberg News estimates candidates could receive as much as $5 million apiece in federal support. Although the bill would be a step towards public financing of congressional campaigns, Freitas glosses over some important details: Participation in the program would be optional, and against the interests of many Democratic and Republican candidates. To be eligible for the match, candidates would have to refuse aggregate contributions from any individual of more than $1,000. The program would not receive tax dollars paid by individuals and households. It would be funded by a 2.75 percent surcharge on civil and criminal fines paid by banks and corporations. Freitas’s statement tells half the story, and we rate it Half True.","According to the evidence provided, the For the People Act of 2019 would not provide up to $5 million in public financing for a candidate's campaign. Instead, it proposes a matching program that would provide a 6-to-1 match for small-dollar donations ($200 or less), and create a pilot program to provide $25 vouchers for eligible voters to give to their favored candidates for Congress. The funds for the matching program would come from a new ""Freedom From Influence Fund"" under the U.S. Treasury, which would collect a 2.75 percent surcharge on criminal and civil fines and penalties or settlements with banks and corporations that commit corporate malfeasance.",0.5657496552948558
"There are two main ways to make this calculation, and they lead to opposite conclusions. While we believe that including payroll taxes in the calculation offers a more accurate picture of what the American public pays the IRS, it's also true that the Obama ad didn't specify which measurement it was using, and in fact used a figure for Romney -- 14 percent -- that was based on income taxes alone. On balance, then, we rate the claim Half True.","The article presents evidence that the claim is false when considering only income taxes. According to a study by the Urban Institute-Brookings Institution Tax Policy Center, many people in lower-income brackets have negative tax rates or pay around 4-8% effective tax rate, and it's estimated that only 20-30% of taxpayers exceed Romney's 14% effective tax rate for income taxes alone.",0.46128370583057404
"Vote No On 2 said, ""Amendment 2 will put almost 2,000 pot shops in Florida ... more pot shops than Walmart and Walgreens combined."" The state health department did project 1,993 medical marijuana dispensaries would be needed to serve potential patients, based on data from Colorado compared with Florida. That is more than the 840 Walgreens and 233 Walmart supercenters and discount stores in the state, although the comparison seems like a bit of a red herring. It’s important to remember that while the health department report is the only real estimate available, this figure isn’t definite. The agency and the Legislature would decide the actual number of stores and how they are regulated after the amendment passes. That total is anyone’s guess. The statement is partially accurate but leaves out important details. We rate it Half True.","The evidence provided states that a 2015 health department analysis estimated 1,993 registered treatment centers (dispensaries) in Florida, which is the same figure used by Vote No On 2 in their ad. United for Care, the group behind Amendment 2, does not dispute this estimate, and it is based on data from Colorado, which has a similar medical marijuana system.",0.46916925807793936
"A national advocacy group, in spotlighting Equal Pay Day, claimed that a pay gap between men and women exists in Oregon. PolitiFact Oregon has looked at the gap before and found that it’s real, but we took the next step by fact-checking the group’s claim that the gap is big enough to pay for 2,877 gallons of gasoline, 72 months of food or nearly 12 months of rent. All three elements of the claim checked out -- or were very close -- according to independent sources. We rate the claim True.","The evidence provided, including data from the U.S. Census Bureau and other reputable sources, supports the claim that women in Oregon are paid 79 cents for every dollar paid to men. Additionally, the calculations using actual gas prices, rent costs, and food plans demonstrate that eliminating the wage gap would enable a working woman in Oregon to afford approximately 2,877 gallons of gas (although slightly less than initially claimed), nearly 11.5 months of rent, and 72 weeks of food for her family, supporting the claim's validity.",0.6173985553415198
"When Riddle spoke, the U.S. misery index was 12.43 -- higher than the index over much of the previous 30 years. Riddle said, though, that the index was the highest it had been since Reagan succeeded Carter. That's not correct. The index was higher for nearly 30 months of Reagan’s presidency. His statement fails to account for the index’s full history. We rate his claim as False.","The evidence suggests that the misery index in October 2011 (12.43) was not the highest since Ronald Reagan succeeded Jimmy Carter. According to the misery index site, the index was higher during a few months of Obama's term and was also higher in November 1990 under George H.W. Bush. However, it is noted that Reagan experienced higher misery indexes at the start of his presidency, specifically exceeding 14 for his first 25 months as president. Additionally, Riddle's campaign argued that changes in government methodology after 1980 may have affected the comparison.",0.5861589742334266
"Hannity said premiums are skyrocketing and the average man would pay twice as much, while the increase for the average woman would be 62 percent. That claim relies on a study that focused on the individual marketplaces for insurance set up under Obamacare, a subset of people who purchase insurance. Regardless of the accuracy of the analysis, it spoke to the experience of a small minority of Americans, and it did not factor in the subsidies that will cushion some people from increased premiums. Hannity overreached in his remarks on radio. That said, new rules for insurance plans will tend to push some rates up -- because the plans must provide better coverage. But by how much depends on a host of factors that several leading health policy experts say is too difficult to estimate. We rate this claim Mostly False.","While the Manhattan Institute study supports Hannity's claim that men are seeing their premiums double (going up 99 percent) and women's premiums going up by 62 percent, this conclusion only applies to people buying insurance through the marketplaces (the ""individual market"") and does not account for federal government subsidies that can reduce out-of-pocket expenses. Additionally, Kaiser Family Foundation expert Larry Levitt questions the validity of comparing costs before and after Obamacare due to changes in plan coverage and lack of reliable data on current premiums. Therefore, it cannot be determined with certainty whether Hannity's overall claim is true or false based on the evidence provided.",0.5228578402779319
"Providence City Council President Michael Solomon said, ""Pregnant women who stand for five or six hours at a time increase their risk of pre-term pregnancy by 80 percent,"" attributing the statistic to the Women's Fund of Rhode Island. That's a very specific claim. But the evidence is based on a few studies, cherry-picked from a larger body of research that suggests that the risk, if there is one, is significantly smaller. Because the statement contains some element of truth but ignores critical facts that would give a different impression, we rate it Mostly False. (If you have a claim you’d like PolitiFact Rhode Island to check, email us at [emailprotected] And follow us on Twitter: @politifactri.","The evidence provides conflicting information regarding the 80 percent increased risk of pre-term pregnancy associated with standing for five to six hours at a time. While some studies, such as those referenced by the Women's Fund and Council President Solomon, suggest an 80 percent increased risk, other studies published in reputable journals, including Obstetrics and Gynecology, suggest a significantly lower risk, ranging from 20-30 percent. Additionally, experts quoted in the article express varying opinions on the matter. Therefore, it cannot be determined with certainty whether the claim is true or false based on the evidence provided.",0.5378215713500977
"Sanders said that Clinton called Obama ""naive"" for saying he was would ""sit down and talk to the Iranians"" during the 2008 Democratic primary. This is a simplified description of the back-and-forth between Clinton and Obama. Both candidates said they supported more diplomacy between Iran and the United States than what the Bush administration had pursued. Clinton’s position differed from Obama’s in that she supported a slower approach, starting with lower-level talks. Obama, on the other hand, said he would be willing to meet with Iranian leaders in his first year as president, without preconditions. It was Obama’s approach to diplomacy with Iran that she called naive, not the idea of pursuing diplomatic relations in general. Ultimately, Obama did not meet himself with Iranian leaders in his first year. Sanders’ statement is partially accurate but takes things out of context, so we rate it Half True.","The evidence shows that Hillary Clinton did call Barack Obama's position on talking to Iranian leaders ""naive"" during the 2008 Democratic primary, but not because she shut the door on diplomacy. Instead, she advocated for a more cautious approach than Obama, and was critical of his willingness to meet with Iranian leaders without preconditions in his first year as president. This nuance is misrepresented by Sen. Bernie Sanders when he claims that Clinton called Obama ""naive"" and that it turned out Obama was right.",0.7090387166932572
"Israel said: ""When adjusted for inflation, per student spending has remained relatively flat over the past 16 years. Despite that trend, Texas schools in 2017 will receive $381 less per student than they did in 2003."" Per-student funding has held relatively flat, data shows. But the ""$381 less"" conclusion rests on cherry-picking a timeframe and relying on an inflation index not favored by the main agency that advises lawmakers on budget issues. Try a different timeframe and/or the CPI and you can get contrary results--even, in some instances, greater spending in 2017. We rate this statement Half True. HALF TRUE – The statement is partially accurate but leaves out important details or takes things out of context.Click here for more on the six PolitiFact ratings and how we select facts to check.","The evidence shows that there is disagreement between the Center for Public Policy Priorities and the Legislative Budget Board on how to adjust for inflation when comparing per-student spending. While the center's analysis using a federal inflation index (Implicit Price Deflator) suggests that per-student spending has remained relatively flat over the past 16 years and will be $381 less in 2017 than in 2003, the budget board's analysis using the Consumer Price Index indicates that per-student aid in 2017 will actually be up by $33 from 2003.",0.5628290907541911
"Romney was slightly off by saying 25 percent, but the actual number is 21.5 percent, so he was in the ballpark. We rate his statement Mostly True.","The claim states that 500,000 federal workers make more than $100,000 a year, which is close to one-fourth of the federal workforce. However, evidence from the Office of Personnel Management shows that as of June (the most recent month available), there were 459,016 federal workers who made at least $100,000 in average base salary each year, accounting for 21.5% of government employees. This is a little short of the claimed 500,000 and one-fourth of the workforce, suggesting that the claim may be an overstatement or simplification of the data.",0.14976185113191606
"Taylor claimed ""We saw the prison population expand and vacancy rates for correctional officers go from 2.9% to 15.2%"" over the last eight years. The Legislative Audit Bureau said the adult inmate population has increased in the last eight years, from 21,941 in 2011 to 23,675 in 2018, or by 7.9%. And Corrections Department numbers show she is correct about the staffing vacancies as well. We rate the claim True.","The claim is supported by evidence from the May 2019 report from the Legislative Audit Bureau and data from the Wisconsin Department of Corrections, which show that the prison population did indeed expand over the last eight years (growing 7.9% from 21,941 in 2011 to 23,675 in 2018), and vacancy rates for correctional officers increased significantly during this period, rising from 2.87% in 2011 to 15.27% in 2019.",0.7315265595912933
"Scott said that while Crist was governor, ""utility costs went up 30 percent and went from below the national average to above the national average. Since I got elected, utility rates have come down 11 percent and now we are below the average."" Scott is off in a lot of ways. First, his statistics don’t parse out the base rate from the rest of anelectric bill, which is critical to understanding how bills go up. Doing so shows base rates for the four large investor-owned power companies have consistently gone up under Scott’s watch. Perhaps more egregiously, Scott’s campaign fumbled the data in a report to make it seem like rates were much lower when Crist took office and higher when he left. We found the right numbers, and it paints a completely different picture. On comparing the state to the rest of the country, data shows Florida’s rates were higher than the national average well before Crist took office, but the gap narrowed during his time in office. Florida is now below the national average, but it’s not because prices dropped under Scott. By several measures overall rates are actually higher now than they were when he took office, despite a decrease in fuel costs. There’s so much incorrect in Scott’s statement. We rate it False.","According to the evidence provided by the Public Service Commission and the U.S. Energy Information Administration, during Charlie Crist's administration, utility costs did increase, but only by 2.5 percent, not 30 percent. Additionally, while Florida was above the national average in residential utility rates when Crist came into office, it was already consistently higher than the rest of the country since October 2005. By the time Crist left office, Florida's rates were still higher than the national average, but by considerably less than when he came in. During Scott's tenure, Florida's rates have increased again, and while they are now below the national average, it is not because rates have decreased under his watch.",0.7432176072620652
"Bush said, ""We have an 80 percent graduation rate in high school after spending more per student than any country in the world other than Liechtenstein, I think, or Luxembourg and a couple other small countries."" The national average for the graduation rate was 81 percent in 2012-13, according to one method the federal government uses to calculate the rate. Among advanced countries, the United States ranked fifth in per student spending for secondary education behind Austria, Luxembourg, Norway and Switzerland. Liechtenstein wasn’t on the list, but since Bush expressed uncertainty, we think his statement is still accurate. We rate this claim True.","The evidence suggests that while Jeb Bush's claim is true in terms of graduation rates, stating an 80 percent national average for high school graduation, it is disputed regarding his claim about per-student spending. According to the Organization for Economic Cooperation and Development (OECD), four countries (Austria, Luxembourg, Norway, and Switzerland) spend more on secondary education than the United States. However, the OECD data does not include Liechtenstein, which Bush mentioned as one of the possible exceptions.",0.7698157689920286
"Scott said in a TV interview that ""All Aboard Florida is a 100 percent private venture. There is no state money involved."" While All Aboard Florida is a private venture, it has applied for a $1.6 billion federal loan. Also, the state is kicking in money for infrastructure, particularly for a new intermodal center at the Orlando International Airport. The funding for that infrastructure doesn’t go directly to All Aboard, but All Aboard does derive some benefit from the spending. Overall, we rate Scott’s claim Mostly False.","Although Scott stated that All Aboard Florida is a ""100 percent private venture"" with ""no state money involved,"" evidence shows that federal dollars and state money are indeed associated with the project. Specifically, All Aboard has applied for a $1.6 billion federal loan, and there are plans to use state funding for quiet zones, intermodal transportation facilities at the Orlando International Airport, and connecting to Tri-Rail.",0.7276839943074469
"The claim here is that Mack ""took seven and a half years to finish college.""There’s a kernel of truth to that statement. Mack enrolled at Sante Fe Community College in 1986 and graduated from the University of Florida with a bachelor’s degree about seven and a half years later in 1993.But UF records show that Mack did not take classes for two of those years, 1991 and 1992. There’s also a minor point that Mack says he was dual-enrolled in community college at the same time he was completing his high school degree.Those, to us, are critical facts that would give someone seeing the ad a much different impression of Mack’s college career -- which fits our definition of Mostly False.","The evidence from the Palm Beach Post article and interviews with officials from Sante Fe College and the University of Florida show that Mack attended community college for 2.5 years and then transferred to the University of Florida, graduating in May 1993. This is a total of approximately 6.5 years, not 7.5 years as claimed by LeMieux's campaign.",0.6121334749918718
"Valdez said: ""One in six Texans don’t have health care. We’re the most uninsured state in the U.S."" One in six Texans in 2016 lacked health insurance, according to government surveys, and the state remained No. 1 for its share of residents without coverage. It’s an exaggeration to say that all uninsured people have no health care. We rate this claim Mostly True. MOSTLY TRUE – The statement is accurate but needs clarification or additional information. Click here for more on the six PolitiFact ratings and how we select facts to check.","The evidence provided from multiple sources, including the Census Bureau (September 2017 report) and the Kaiser Family Foundation, confirms that in 2016, Texas had the nation's greatest share of residents without health insurance, with rates ranging from 15% to 17%. Additionally, a Gallup survey (May 2018) also shows that Texas had the highest rate of uninsured residents in 2017, at 22.5%, which further supports the claim made by Lupe Valdez.",0.6937251465137189
"O’Reilly said that Muslim nations did not ""call out"" the people who celebrated the 9/11 attacks. So far as we can tell, there was no official condemnation of people celebrating the 9/11 attacks. However, Muslim governments, and religious leaders, condemned the attacks themselves, as did many average Muslims. O’Reilly’s statement is accurate as far as it goes, but it leaves out important information that might lead someone to reach a different conclusion. That meets our definition of Half True.","The evidence suggests that there were no official condemnations of the people who celebrated the 9/11 attacks by Muslim nations, but it also shows that many governments and top religious leaders condemned the attacks themselves, which is a different statement. Additionally, average Muslims in some countries attended public events to voice sympathy for the victims and repudiate the attacks, indicating that not all Muslims supported the celebrations.",0.7438704669475557
"A Facebook post claimed that ""89,000 children were separated from their parents under Obama"" and ""only 1,900 children have been separated under Trump."" Immigration experts have told PolitiFact that family separations under Trump happened at a larger scale than they did under Obama. The Obama administration did not have a ""zero-tolerance"" policy that led to systematic family separations, as did Trump’s administration. A spokeswoman for Homeland Security previously told PolitiFact that the Obama administration did not track the number of families separated. The Facebook post’s 89,000 number might be a reference to a number of children placed with sponsors during Obama’s administration — but those children arrived alone without a parent or guardian. That doesn’t mean they were separated from their parents. The exact number of children separated under Trump is unclear, but based on previous data provided by Trump officials, the number at least surpasses 1,900. The Facebook post is inaccurate. We rate it False.","The claim that 89,000 children were separated from their parents under Obama is disputed by immigration experts and the Department of Homeland Security, which states that the Obama administration did not count the number of families separated. Furthermore, a Senate subcommittee report explains that almost 90,000 unaccompanied immigrant children were placed with sponsors in the US between FY2014-2016, but notes that HHS places most of those children with their parents or legal guardians. This suggests that the 89,000 figure may actually refer to children who arrived at the border alone without a parent, rather than being separated from their parents as a result of policy. The claim about only 1,900 children being separated under Trump is also supported by evidence, but this does not change the fact that the initial claim about Obama's administration is likely false.",0.670273521051302
"Watson said the average Austin homeowner pays about $1,300 to $1,400 just for recapture, as in funds ultimately spent in other districts. By the Austin district’s analysis, the owners of a home at the district’s average taxable value for 2016-17 stands to pay $1,355 in school property taxes toward the district’s more than $400 million recapture payment for the year. We rate this claim True. TRUE – The statement is accurate and there’s nothing significant missing. Click here for more on the six PolitiFact ratings and how we select facts to check. ","The evidence provided, including testimony from Nicole Conley and calculations from Jacob Barrett, supports the claim that in Austin, Texas, the average homeowner is paying about $1,300 to $1,400 just for recapture. According to Conley's prepared remarks, the Austin school district pays almost $2.6 billion in recapture payments to the state over five years, and Barrett explains how the district calculated the average homeowner's share of the budgeted recapture payment as $1,355. While one expert cautions that the ""average"" may not accurately describe the distribution of payment amounts, the evidence collectively supports the claim.",0.6101274999037181
"Crist said ""some studies indicate"" expanding Medicaid would ""create about 120,000 jobs."" Crist was referring to one study done for the Florida Hospital Association, a supporter of Medicaid expansion. That study predicted about 120,000 new jobs. There have been several studies that predict job growth related to Medicaid expansion, with one study putting the figure as low as 10,000 jobs. Crist cherry-picked the study with the highest statistic and omitted that it was done for an association that supports the expansion. Most economists and Medicaid experts say that it’s likely that the infusion of federal cash would lead to some jobs, but it is difficult to pinpoint the number. We rate this claim Half True.","The evidence provides multiple studies with varying job growth predictions, including one study conducted by the Florida Hospital Association citing 120,000 jobs, and other studies from Moody's (10,000 to 30,000 jobs) and the White House Council of Economic Advisers (63,800 jobs). Experts interviewed by PolitiFact Florida also provided differing opinions on the job growth potential, making it difficult to determine a single accurate number.",0.531234710102212
"Norquist said, ""CBO reports that delaying the Obamacare individual mandate will reduce the deficit by $35 billion over 10 years."" Norquist accurately reported the amount CBO estimated. However, his tweet cherry picks CBO’s conclusions, ignoring that the bill would produce 11 million additional uninsured Americans, and that the savings would amount to a one-time fiscal event. The statement is accurate but needs clarification or additional information, so we rate it Mostly True.","The evidence confirms that the Congressional Budget Office reported that delaying the Obamacare individual mandate would reduce the deficit by $35 billion over ten years, as stated in their analysis released on September 6, 2013.",0.7902805050214132
"Greg Abbott said ""Road congestion costs rush hour drivers in Austin and Dallas more than $1,000 a year. And in Houston, it’s even more -- almost $1,500 a year."" Abbott’s claim was based on an annual Urban Mobility Report produced by the Texas Transportation Institute. While his figures match those in the report, critics have raised significant questions about how the numbers are calculated, as well as the premise that normal traffic conditions result in a congestion cost to motorists. They also point to the institute’s sponsors, most of which are transportation agencies that can be expected to use the report to advocate for additional funding for road projects. We rate this claim Mostly True. MOSTLY TRUE – The statement is accurate but needs clarification or additional information. Click here for more on the six PolitiFact ratings and how we select facts to check.","The evidence provided shows that the Texas A&M Transportation Institute's Urban Mobility Scorecard calculated the congestion cost for Houston to be $1,490 per commuter per year, which matches the claim made by Gov. Greg Abbott. Additionally, Tim Lomax, a senior research engineer at the institute, confirmed in an interview that this calculation includes both peak travel and off-peak travel times, and explained that the congestion cost cited by Abbott is not just for peak travel times as initially reported.",0.5933856499822516
"The Facebook post said that ""in 1916, the U.S. government predicted that by the 1940s all paper would come from hemp and that no more trees would need to be cut down."" The most plausible source for this -- Bulletin 404 -- is silent on this claim, and neither our own research nor any of the dozen experts we asked was able to come up with a definitive source. As with all claims of this type, it’s impossible to prove a negative, so we are willing to re-rate this claim if credible evidence emerges. However, our best efforts have turned up nothing more than a puff of smoke. Since the claim is unsupported, we rate it False.","The evidence provided shows that multiple experts and sources within the United States Department of Agriculture, National Agricultural Library, National Archives and Records Administration, and academia have searched for and found no reference to a prediction by the U.S. government that all paper would come from hemp by the 1940s. Bulletin 404, which is often cited as a source, does not make this claim and only discusses the technical feasibility of using hemp hurds to make paper.",0.6516521767207555
"Diaz-Balart said that in 2008, Obama had said that normalization with Cuba would first require ""liberation of all political prisoners, and some basic steps toward freedom, including freedom of the press, political parties, labor unions."" Obama did suggest such a linkage in 2008, though his phrasing was open to some interpretation. And on other occasions during the 2008 campaign, Obama offered a vaguer formulation for how Cuban relations could be normalized. On those other occasions, Obama said that if he saw unspecified steps toward democratic change in Cuba, he might pursue normalized relations with Cuba. Diaz-Balart’s claim glosses over these nuances, so we rate the claim Mostly True.","Diaz-Balart stated that during the 2008 campaign, Obama said that ""before normalization would take place, there would have to be liberation of all political prisoners and some basic steps toward freedom, including freedom of the press, political parties, labor unions, etc."" However, evidence provided shows that while Obama did make statements similar to this, he also stated in other instances that he was not prepared to immediately normalize relations with Cuba, but rather would move in that direction if there was progress on issues such as freeing political prisoners. Furthermore, an Obama spokesperson clarified that the president was ""flexible on specifics"" and willing to negotiate, indicating that his stance was more nuanced than a strict prerequisite for normalization.",0.7520644533500243
"A post claims, ""If you have the Flu… get these two items… Sambucol [and] Oscillococcinum… in 48 hours you will feel better. In 72 hours you will be almost symptom-free."" Overall, Sambucol has the most flu-fighting potential, but there is little evidence that Oscillococcinum can considerably shorten the length of the flu. And there isn’t enough evidence to prove that either of them can treat influenza better than antiviral medications. The post’s claim has an element of truth but leaves out critical context. We rate it Mostly False.","The claim states that taking Sambucol and Oscillococcinum can cure flu symptoms within three days. While some studies suggest that Sambucol may have antiviral properties and be effective in treating influenza, the evidence is limited to small-scale trials with inconsistent results. In contrast, the effectiveness of Oscillococcinum remains uncertain due to biased studies and a lack of substantial scientific evidence. The claim's assertion that it can cure symptoms within 72 hours seems exaggerated based on the available research.",0.6079825955278734
"The blog post said that ""over 73 percent of all donations raised (from the ALS Ice Bucket Challenge) are going to fundraising, overhead, executive salaries, and external donations."" Whether purposely or by incompetence, the anonymous blogger misreported the ALS Association’s figures. In reality, nearly 79 percent of the ALS Association’s expenditures were for purposes that advance its stated mission. Fundraising, overhead and executive salaries account for no more than 21 percent. We rate the claim Pants on Fire.","According to the evidence provided, over 73% of donations raised by the ALS Association are not going towards fundraising, overhead, executive salaries, and external donations as stated in the claim. The correct breakdown of expenses is: Research: $7.2 million (27 percent), Patient and community services: $5.1 million (19 percent), Public and professional education: $8.5 million (32 percent), Fundraising: $3.6 million (14 percent), Administration: $1.9 million (7 percent). The claim specifically labels 73% of the group's spending as ""fundraising, overhead, executive salaries and external donations"", which is flat wrong according to the evidence.",0.6202038549858592
"Perry said that Obama called Medicaid ""broken."" In context, it’s clear the president was including Medicaid as a significant part of the entire health care system and that his larger point was that health care costs need to be reined in. Still, Obama described expanding the Medicare and Medicaid rolls as putting ""more people in a broken system."" We rate the governor’s statement as Mostly True.","The claim states that Obama called Medicaid ""broken"" four years ago, which is not entirely accurate. According to the evidence provided, Obama did call the health-care system ""broken"" in 2009, but he specifically mentioned Medicare and rising healthcare costs as factors contributing to the problem. In his speech on June 2, 2009, he only mentioned putting more people into a broken system, without specifically referring to Medicaid. However, in a letter sent to Senate Democratic leaders after that meeting, Obama did mention Medicaid as one of the main drivers of budget deficits and soaring healthcare costs. Therefore, it can be argued that Perry's claim is partially true but not entirely accurate, as it takes out of context and misrepresents Obama's original statement.",0.681124038957968
"Perry said he had ""yet to get a response"" to his 2010 letter to Obama requesting border security steps.That’s not so. Perry fielded a reply to his letter from a White House deputy about three weeks after the airport howdy. We grant that it might not have contained the answers Perry sought, but saying Perry has yet to get any response strikes us as both inaccurate and ridiculous. Pants on Fire!","According to the provided evidence, John O. Brennan's letter of August 27, 2010, sent on behalf of President Obama, acknowledges Governor Perry's concerns and requests for border security assistance, indicating that the White House did respond to the governor's letter. This contradicts Governor Perry's claim that he has ""yet to get a response"" from Barack Obama.",0.7081401670878789
"Trump said President Eisenhower ""moved 1.5 million illegal immigrants out of this country."" Trump is referring to a 1954 campaign known as ""Operation Wetback."" While the idea that the operation resulted in more than 1 million deportations is not pulled out of thin air, historians widely cite that number as far too high for a variety of reasons -- including the fact that hundreds of thousands of undocumented immigrants would have had to self-deport. Also, it wasn’t just a deportation program. The campaign accompaniedmore legal immigration opportunities. We rate Trump’s claim Half True.","According to the evidence, while President Dwight Eisenhower did oversee ""Operation Wetback"" which targeted illegal immigrants, the estimated number of people deported ranges from 250,000 to 1.3 million, not 1.5 million as claimed by Trump. Additionally, the operation's primary goal was to implement policy changes allowing more opportunities for immigrants to gain legal status through work visas, rather than solely focusing on deportation.",0.6466106476663034
"American Crossroads packs a bunch of claims into one sentence in its ad: ""Sen. Nelson cast the deciding vote for Obamacare,cutting Medicare spending by $700 billion and letting an unelected board decide what gets covered here.""Let’s summarize on the three points:• Nelson cast a vote in favor of the health care law, but news reports suggest he was not even one of a few final hold outs. He did not cast ""the"" deciding vote.• The health care law cuts future growth of Medicare spending by about $700 billion but it still grows. This part of the ad has some truth to it but requires further explanation.• The unelected IPAB board is tasked with finding Medicare savings. It can reduce how much government pays for services, and some fear that could lead doctors to not order certain treatments. It does not make decisions for individual patients, but it can recommend changes to bring down costs, including about what gets covered. Its powers are limited, however, and its decisions can be changed by Congress if Congress is willing to identify other savings. The Crossroads ad phrases its statements more carefully than some others we’ve seen, but it still gives a misleading impression about what the health care law means for Medicare beneficiaries. We rate this claim Mostly False.","The claim states that Bill Nelson ""cast the deciding vote for Obamacare cutting Medicare spending by $700 billion and letting an unelected board decide what gets covered here."" However, according to the evidence, while Nelson did vote in favor of the bill on December 23, 2009, he was not one of the key votes that made the decision. The Los Angeles Times reported that Sen. Joe Lieberman, I-Conn.; Sen. Ben Nelson, D-Neb.; and Sen. Russ Feingold, D-Wis. were among those who held out until the last minute, but Nelson was neither an early activist nor a last-minute supporter of the bill. Additionally, the health care law's reduction in Medicare spending is not a cut, but rather an attempt to curtail future Medicare spending, and the Independent Payment Advisory Board (IPAB) cannot ration care or deny treatments to patients.",0.6160510168981183
"Carson said ""it’s not true"" that his plan would leave us with a $1.1 trillion hole, as moderator Becky Quick said. But Quick’s math is sound, based on what's publicly known about Carson's plan. Carson’s 15 percent flat tax would generate a $1.1 trillion hole. By his own math, his plan would create a $1 trillion hole. We rate Carson’s claim False.","The claim is from Ben Carson stating that his tax plan wouldn't leave the federal government with a $1.1 trillion hole. However, evidence shows that two different calculations were performed by CNBC moderator Becky Quick and Dr. Carson himself, resulting in conflicting conclusions. Quick's math suggests that Carson's plan would indeed fall short of anticipated revenue and spending by approximately $1.1 trillion, while Carson argued that his 15% tax rate on GDP would generate sufficient revenue to cover government expenses, claiming a smaller deficit. Given the differing calculations and explanations provided by both sides, it is not possible to definitively label the claim as true or false without further information or clarification on Carson's tax plan specifics.",0.6343595341632241
"Coulter said Fox News broke the story of George W. Bush’s 1976 drunk driving arrest. In terms of being the first to broadcast the story, that is correct. On the other hand, breaking a story has the strong meaning of having made the effort to uncover something that was obscure. In that sense, a local news station that happened to be a Fox affiliate gets the credit. While Fehlau's station was contracted to run Fox programming, it is independetly owned and not part of Fox News, the cable news channel. We rate Coulter’s statement Half True.","According to the evidence provided, Fox News did not break the story of George W. Bush's drunk driving arrest in 2000. Erin Fehlau, a reporter with the Portland Fox affiliate WPXT, first got wind of the arrest and began following the paper trail. Fox News then contacted Fehlau's news director to confirm the information, who in turn called Fox News in New York City, where they confirmed the story with Bush's campaign staffer. Fox News broadcast the story at 6 p.m., but it was WPXT that broke the story and conducted the investigation.",0.5661601622899374
"King, urging his readers to support an American assault weapons ban, said that since Australia passed tough gun laws, ""homicides by firearm have declined almost 60 percent."" The raw numbers back him up — but cause and effect are much peskier questions. Scholars we spoke with say the evidence leans King’s way, but is less than conclusive. That’s an important clarification. We rate King’s claim Mostly True.","According to Philip Alpers' statistics, the number of gun homicides fell from 69 in 1996 (excluding the 35 victims of the mass shooting prompting the laws) to 30 in 2012, which is a decrease of 56.5 percent. Additionally, Andrew Leigh and Christine Neill's study found that firearm homicides dropped 59 percent in the decade after the gun laws.",0.5585696574117317
"At two campaign rallies leading up to the election, Menendez claimed that under Obama, the United States has created ""five million jobs.""That’s only true if you’re talking about private-sector job growth since February 2010. When you factor in public-sector job losses and start counting at different points during Obama’s first year in office, the employment picture is far from what Menendez claimed.We rate the statement Half True. To comment on this ruling, go to NJ.com.","The evidence suggests that the claim is true when considering the net increase of nearly 5 million private-sector jobs since February 2010, but false or less accurate when using different time frames and accounting for public sector job losses. Additionally, the article notes that experts believe presidents have limited impact on employment changes, suggesting a nuanced interpretation of Obama's role in job growth.",0.6018253161873616
"While the U-6 measurement is not the official gauge of unemployment in the United States, it’s a valid statistic to consider in conjunction with others. It's true that BLS describes it as a ""labor underutilization"" rate rather than an ""unemployment"" rate, since some of the people it counts are part-time workers who aren't officially ""unemployed."" While this distinction is important to PhD economists, we don't think it's a major problem for a speech made to the general public. In other words, for a general audience, we think ""the real unemployment rate"" is acceptable shorthand for ""the labor underutilization rate,"" especially when a brief description of the measure is provided. So we rate this claim True.","The evidence provided shows that the Bureau of Labor Statistics (BLS) offers a broader measure of labor underutilization known as ""U-6"", which takes into account not only the unemployed but also those marginally attached to the labor force and working part-time for economic reasons. According to the data, in January 2012, the U-6 rate was 15.1 percent, which supports Romney's claim that the real unemployment rate is over 15 percent if you take into account all the people who are struggling for work or have just stopped looking.",0.6746490344216552
"Trump said, ""Four times, I said (McCain) is a hero but you know … people choose selective pieces."" Trump literally said McCain is a hero five times, but never without caveats. Once, he added ""perhaps, I believe"" before conceding the point. Twice, he was interrupted. And the last two times, Trump said, ""He is a war hero because he was captured."" In other words, Trump also chose ""selective pieces""and misquoted himself. We rate his claim Mostly False.","According to the evidence, Donald Trump indeed stated that John McCain is ""a war hero"" five times during an interview on July 18, but he added caveats such as ""because he was captured"" and implied that being a prisoner of war isn't necessarily an achievement.",0.6945160378109325
"Sturtevant said that Virginia had zero percent economic growth last year, the third worst result in the nation. We rate his statement True.","According to preliminary figures from the Bureau of Economic Analysis, Virginia's GDP experienced 0.0 percent inflation-adjusted growth in 2014, ranking it among the states with zero percent growth alongside Alaska and Mississippi, which actually saw a decrease in their state economies.",0.6983623784941596
"Michelle Malkin said former Republican Governor Pat McCrory ""shepherded in driver’s licenses for illegal aliens in the aftermath of the 9/11 terrorist attacks."" For the most part, her claim isn’t supported by the facts. North Carolina hasn’t allowed unauthorized immigrants to get driver’s licenses since 2006, when a Democratic governor signed an act requiring driver’s license applicants to provide a valid Social Security Number. We found widely varying estimates on the number of people living in North Carolina illegally who are currently ineligible for driver’s licenses. Although North Carolina decided to allow DACA recipients to access driver’s licenses during McCrory’s tenure as governor, he said he followed that ""reluctantly"" and did not support making the larger population of immigrants living here illegally eligible for driver’s licenses. We rate the claim Mostly False. Editor's note: This item has been updated with comments from former Gov. Pat McCrory.","The evidence suggests that Pat McCrory opposed allowing immigrants living in the country illegally to get drivers' licenses. Additionally, during his term, DACA recipients became eligible for driver's licenses, but these licenses included language indicating ""Legal Presence"" and ""No Lawful Status,"" and the governor emphasized that he was following the law reluctantly. The claim that McCrory ""shepherded in"" driver's licenses for illegal aliens is therefore not supported by the evidence.",0.7012478578597942
"Cruz said the Obama administration spent ""$205,075 in ‘stimulus’ to relocate a shrub that sells for $16."" Some $130 million in stimulus money is supporting a $1 billion California road project that when it started brought to light a thought-to-be-extinct shrub in the wild. But we learned local road toll revenues covered the shrub’s $148,000 move and transplantation--not stimulus aid. Also, there’s a distinction between the rare in-the-wild version the shrub ballyhooed in the city by the bay and the occasionally available commercial versions, which this claim fails to acknowledge. We rate the statement, which has an element of truth but ignores critical facts such as the singularity of the shrub whose move wasn't funded from stimulus aid, as Mostly False. MOSTLY FALSE – The statement contains an element of truth but ignores critical facts that would give a different impression. Click here for more on the six PolitiFact ratings and how we select facts to check.","According to multiple sources, including CNSNews.com and a CalTrans official, $205,075 was spent to relocate a shrub (Franciscan manzanita) from its original site. This amount includes costs such as digging up the shrub ($100,000), support services from experts ($35,000), and transferring funds for plant-related costs in a 15-year memorandum of agreement ($79,470). The claim that this money was spent on stimulus funds is also supported by reports showing grants funded by the economic stimulus package contributed to funding the road project.",0.5460768072228682
"Scott for Florida’s new ad about education costs said, ""Charlie Crist allowed college tuition to increase up to 15 percent every year."" Tuition did go up 15 percent in 2009 and 2010. But the ad downplays the fact that tuition increased 5 and 6 percent the two years prior to that. (It also neglects to mention it went up 15 percent under Gov. Scott one year, as well.) We should also note that Crist wasn’t the only actor here. The Legislature approved increases, as did the state Board of Governors. Still, tuition did go up each year, and as high as 15 percent for two years. We rate the statement Mostly True.","The evidence provided shows that while Crist allowed college tuition to increase up to 15 percent per year under a specific plan he advocated for in 2009, this was not a policy he initiated or supported from the start. In fact, he opposed raising tuition in 2007 and vetoed a 5 percent increase set by lawmakers at the time. The Legislature's own actions played a significant role in allowing tuition increases, and Crist did not have unilateral control over the process.",0.567352706193924
"Perry talked about binational health insurance in a 2001 speech, as Santorum said. However, his dig about Perry's mention wrongly implies that the governor is working to establish binational health insurance. We found no evidence of Perry taking further action in the 10 years since. We rate Santorum's statement Half True. To comment on this ruling, ""like"" us on Facebook.","The evidence provided shows that in 2001, Rick Perry spoke at an August summit on border issues hosted by the University of Texas-Pan American. In his speech, Perry mentioned binational health insurance as a potential solution to address shared health care problems between the US and Mexico, specifically referring to a legislative proposal establishing a study on its feasibility. Additionally, an editorial on Perry's state website in 2001 highlighted the same bill that led to the 2003 report, which discussed binational health care coverage as a possibility for border residents.",0.5893957564959655
"Southerland said, ""If you have a job in this country, (there's a) 97 percent chance that you're not going to be in poverty."" That’s true only for full-time jobs. If you include both full-time jobs and part-time jobs, then the percentage drops slightly, to 93 percent. On balance, we rate his claim Mostly True.","The evidence provided from the Census Bureau data in 2012 shows that 2.9% of Americans between 18 and 64 who worked full-time, year-round were in poverty, supporting Rep. Southerland's claim. While it is noted that a more accurate number for the likelihood of poverty ""if you have a job"" is around 93%, which is close to but slightly off from 97%, this does not contradict the overall truthfulness of the original statement.",0.608834328434684
"Dolan said U.S. bishops have supported expanding health care since 1919. He’s correct that the National Catholic Welfare Council published pro-health-care expansion literature that year, and experts told us that the bishops have regularly supported proposals to expand health care over the years, despite disagreements over specific provisions enacted under Obama, including contraception regulations. We rate Dolan’s claim True.","The evidence provided shows that in 1919, a group of US bishops published the Bishops' Program of Social Reconstruction, which included a section advocating for ""comprehensive provision"" of social insurance against illness, among other things. This historical document supports Cardinal Timothy Dolan's statement about the Catholic church's stance on health care dating back to 1919.",0.6046953320503234
"Clinton said, ""One-half of undocumented workers pay federal income taxes, which means they are paying more federal income taxes than Donald Trump pays."" While there is no official figure, experts estimate that about half of all undocumented workers pay federal income taxes, if not more. So in a year when Trump does not pay federal income taxes, which has been the case in the past, undocumented immigrants who do federal pay income taxes would pay more than him. But Clinton makes it seem as if this is a present state, and we don’t know anything about Trump’s current tax situation because he has not made his tax returns public. For that reason, we have no way of comparing Trump’s federal income tax payments to those of any given undocumented immigrant. We rate Clinton’s claim Half True.","The evidence suggests that a significant portion of undocumented immigrants pay federal income taxes through payroll taxes and ITINs. Estimates from experts at the Urban-Brookings Tax Policy Center and the University of Texas suggest that around half of all undocumented workers pay federal income taxes, which is supported by data on Social Security payments and ITIN filers. In contrast, there is no clear evidence of Trump's current tax burden, as he has refused to release his tax returns, making it impossible to determine whether he pays more in federal income taxes than undocumented immigrants.",0.7104779810100407
"The Republican Party of Florida said Crist rode on a jet that ""belongs to a serial polluter with a history of environmental violations fined nearly $2 million for polluting water."" The plane’s owner, Bay County contractor James Finch, has been fined in the past for filling in wetlands or allowing unfiltered runoff to flow into waterways, in violation of environmental permits. That’s a legitimate definition of polluting, and there’s no doubt Finch has been fined almost $2 million over the years. It’s hypocritical of the state GOP to call out Finch when one of his subcontractors has benefited from a relationship with Gov. Scott. But that doesn’t change the facts. We rate the statement True.","According to the evidence provided by PolitiFact Florida's investigation, James Finch, the owner of the private jet used by Charlie Crist, has a history of environmental violations and was fined nearly $2 million for polluting water. The evidence cites specific instances where Finch's company, Phoenix Construction Services, was fined for environmental infractions, including backfilling a bayou at his home and improperly constructing the Northwest Florida Beaches International Airport.",0.6565124705936132
"Rothman claimed it costs more for the U.S. Mint to produce a penny and nickel than the face value of the coins.It costs 1.79 cents to produce and distribute every penny the Mint makes. And every nickel costs 9.22 cents.So, you can bank on those numbers. We rate the congressman’s statement True. To comment on this ruling, go to NJ.com.","According to the U.S. Mint's most recent annual report cited in the evidence, it costs 1.79 cents to produce a penny and 9.22 cents to produce a nickel, which is more than their face value. This supports Rep. Steve Rothman's statement that it currently costs more than a penny for the U.S. Mint to make a one cent coin and more than a nickel to make the five cent piece.",0.781700888418016
"Scott Arceneaux, executive director of the Florida Democratic Party, tried to discredit Scott’s influence on Florida’s economy on the eve of his State of the State address. Putting the blame for job losses squarely on Scott’s shoulders, Arceneaux said Scott cut ""more jobs than he created in Florida in 2012.""This claim is a bad case of cherry-picking. The Democrats honed in on the state’s bleakest period of job growth. Not only that, they held it up as a whole year’s performance.Yeah, 2012 was sluggish for job growth, especially compared to 2011. But it was an increase nonetheless.We rate the statement Pants on Fire!","The evidence provided shows that while Florida lost more government jobs (10,600) than private sector jobs were created (65,600) from December 2011 to December 2012, the overall nonfarm jobs total for 2012 showed a net gain of 54,900 jobs. This contradicts the claim that Gov. Rick Scott cut more government jobs than private sector jobs were created in Florida in 2012.",0.5348220676628511
"Casagrande said in a television interview, ""Every American now is $51,000 in debt. That’s money I owe, that’s money my children owe before they even go to kindergarten, that’s their check to the federal government right now.""A simple mathematical calculation confirms that every American technically owes the government $51,777.21 toward the national debt. But will youngsters have to suddenly start handing over their allowances to pay down the federal deficit? Not likely. We rate the statement Mostly True. To comment on this story, go to NJ.com.","The evidence provided shows that the total national debt is indeed over $16 trillion, and dividing this number by the total U.S. population of approximately 314 million results in each person owing approximately $51,777. This calculation supports Assemblywoman Casagrande's claim that every American is $51,000 in debt.",0.7241393698586358
"Cruz says, ""Existing law right now requires 700 miles of double-layered border fencing."" He complains that Obama is ignoring the mandate. Such a law was passed in 2006 but no longer is on the books. It was amended in 2008, before Obama took office, and the double-layered fencing requirement was removed. About 650 miles of fencing now stands, of which 36 miles is double-layered. Cruz’s statement is long past its expiration date. We rate it False.","The evidence shows that while existing law requires at least 700 miles of border fencing, it does not specify that this fencing must be double-layered. In fact, the Consolidated Appropriations Act of 2008 amended the Secure Fence Act of 2006 to remove the requirement for double-layered fencing and instead mandate only a single layer of reinforced fencing.",0.733175882101059
"Cornyn, Cuellar and Abbott said the federal government didn’t seek any 2017 flight hours to surveil the Texas-Mexico border via Operation Phalanx. Neither Cornyn or Cuellar provided factual documentation for this claim, which Cuellar otherwise attributed to a Texas official who didn’t respond to our inquiries. Separately when we asked, federal authorities didn’t document a specific request for 2017 surveillance hours. Regardless, the CBP commissioner’s letter to a Defense Department underling, sentbefore the Texans leveled their claim, endorsed continued flights over the border, even specifying priority sectors. We rate this claim Mostly False. MOSTLY FALSE – The statement contains an element of truth but ignores critical facts that would give a different impression. Click here for more on the six PolitiFact ratings and how we select facts to check. CLARIFICATION, 4:41 p.m., Jan. 31, 2017: After we posted this fact check, Drew Brandewie of Cornyn’s office emailed to say Cuellar initiated the letter--a characterization echoed by Victoria Glynn, a Cuellar spokeswoman. We then amended our headline and story to make more clear the claim wasn’t Cornyn’s alone. These changes didn’t affect our ruling. ","The evidence provided shows that despite initial claims by Texas officials, including Sen. John Cornyn and U.S. Rep. Henry Cuellar, that the Department of Homeland Security did not request any hours of aerial surveillance for the U.S.-Mexico border from the Department of Defense for 2017, subsequent letters and statements reveal that the Department of Homeland Security had in fact requested support from the Department of Defense. Specifically, a letter dated Nov. 14, 2016, from Kerlikowske, the Customs and Border Protection commissioner, to McKeon, an undersecretary at the Department of Defense, prioritized the allocation of rotary-wing assets for border security operations, indicating that DHS was seeking continued support from DoD for Operation Phalanx in 2017.",0.4878384113311767
"O’Rourke said: ""I’m one of two members of Congress out of 535 that takes no corporate cash, no political action committee money."" Unsaid: no candidate can take corporate cash; that’s illegal. Otherwise, we found, O’Rourke was one of at least five (not two) House incumbents to keep no PAC contributions in the run-up to the 2016 elections. He alsohasn’t accepted PAC aid into 2017 though he drew on about $297,000 in PAC donations in his House bids of 2012 and 2014--actions not recapped in his Dallas call for contributions. We rate this claim Half True. HALF TRUE – The statement is partially accurate but leaves out important details or takes things out of context. Click here for more on the six PolitiFact ratings and how we select facts to check.","According to the evidence provided, U.S. Rep. Beto O'Rourke's campaign received $110,721 in contributions from conduit PACs, which include ActBlue, JStreetPAC, and the New Democrat Coalition PAC, during the 2015-16 election cycle. This indicates that O'Rourke did accept PAC money, contrary to his claim of not taking any.",0.620489172374501
"did not change. The city of Portland made national headlines last month by landing in a year-end report of government waste, as compiled by U.S. Sen. Tom Coburn, R-Okla. His ""Wastebook 2010"" lists some laugh-out-loud examples of federal largess: $2.5 million on a Census Bureau commercial too ironic to be understood? More than $200,000 to study why political candidates make vague statements? Nearly $500,000 to maintain a lavish office for former U.S. House Speaker Dennis Hastert? (We’re not vouching for the accuracy of any of those statements.)But we’re pretty sure that entry No. 100 -- out of 100 -- did not make anyone at the Portland Bureau of Transportation chuckle.""Why have one bike sign when you can have two?"" reads the final entry from Coburn’s report. ""Oregon spent $900,000 in federal stimulus funds on a new bike signage project even though the city already has similar bike signs, which it plans to leave up. ‘The new signs — which include arrows, distance, and travel times to key destinations — have a slightly different design than existing ones,’ according to a local biking website.""With the entry, Coburn posted photos of the old and new bike signs, as snapped by Jonathan Maus of bikeportland.org, also known as the ""local biking website."" The roadside signs in the photos are at two different locations and look a little different from each other.Coburn’s clear implication is that the city doubled up on redundant signage. Local talk radio host Victoria Taft picked up on his theme on her blog:""Portland spent nearly $1,000,000.00 in federal ’stimulus’ money to install ‘bike path’ signs where they already existed.""With her blog, Taft includes a photo of a ""sharrow"" mark, a white sign marked on the pavement to indicate a bike boulevard. The implication here is that the ""sharrows"" are redundant.PolitiFact Oregon wanted to know: Did Portland spend money for signs when there were already perfectly good signs in place? We asked the city for clarification.In 2009, Portland received $900,000 from President Barack Obama’s ""America Recovery and Reinvestment Act"" -- the stimulus -- to improve bicycle signage.About $69,000 of that money went for 450 new ""wayfinding"" signs, the ones singled out by Coburn as wasteful. (These are green and white signs alongside the road telling riders the distance and estimated time to get to Lloyd Center or to the Eastbank Esplanade or myriad other destinations.) The $69,000 also paid for 1,180 new yellow ""safety"" signs marking crosswalks for pedestrians and cyclists. In any case, $69,000 is a pretty small portion of the overall grant.What about the rest of the money? About $480,000 of the $900,000 was spent on the ""sharrow"" pavement markings snapped by Taft. The city used the federal grant to paint 2,100 federally approved sharrows to mark 23 miles of new bike boulevards, and 30 miles of existing bike boulevards. The existing bike boulevards were stamped with smaller circles, and those are still there. The sharrows are larger, about 3 feet by 9 feet, and give a uniform look to all bike boulevards.(That leaves $351,000 unaccounted for. Where did that go? Well, said Dan Anderson, spokesman for the transportation bureau, there’s overhead, engineering costs, project management costs, contractor compliance costs, and pollution and erosion control costs. So many costs. But that’s another story.)What does that leave us with? The 1,180 new crosswalk signs were not mentioned in the musings of Taft or Coburn, so we can ignore those. In no case did any of the 450 signs duplicate existing roadside signs, so we can rule those out as well.That leaves Taft’s sharrows.""Those pictures on my blog were of signs on the roads just laid down by those workers. Just feet away were existing painted signs on the streets,"" Taft wrote to PolitiFact.""Bicyclists already use the roads on which these signs were painted. Signs already existed there and new ones were therefore redundant and, in my opinion, a waste of taxpayer money.""The new sharrows did duplicate smaller bike boulevard markings in some locations, but not even close to all of them. The photo Taft snapped was on Northwest Johnson Street, where several sharrows are located next to older and smaller bike circles, some faded, some not. (They also are along Northwest 24th Avenue.) Now, we wouldn’t have a problem if Coburn and Taft had dinged the city for wasting federal money on bike markings. Or for spending too much on overhead costs. But the message from the two was that all of the $900,000 was spent on slightly different signs where other signs ""already existed."" And that’s inaccurate. We rule the claim False. Comment on this item.","The evidence provided seems to indicate a correction, but the original claim is not directly contradicted. However, it states that the work done was installing signs where there already existed bikeway marks, implying that the original claim might be partially true or misleadingly stated, rather than outright false.",0.5062784279798316
"Pelosi said that Trump’s plan for child care would mean that ""70 percent of the benefits go to the people making $100,000 a year."" The one comprehensive study released so far by an independent group supports Pelosi’s claim. It’s possible that different studies -- or a substantive change to the Trump administration proposal as it works its way toward enactment -- could weaken the certainty of Pelosi’s analysis. Based on what we know now, though, we rate her statement True.","According to the Tax Policy Center's study, which Pelosi's spokesman confirmed she was citing during her CNN interview, 70 percent of total tax benefits in Trump's child care proposal would go to families earning more than $100,000. The reason is that Trump's plan relies on tax deductions, which are worth more per dollar for higher-income families due to their higher marginal tax rates.",0.6286116372293501
"Cantor said states are spending more on Medicaid than on education. His statement is correct, although it should be noted that a substantial portion of the dollars states are spending on Medicaid come from the federal government.We rate Cantor’s statement True.","The evidence presents conflicting information about whether states are spending more on Medicaid than they do on K-12 education. According to the NASBO report, when considering total funds including federal dollars, states spent 23.9% of their total budgets on Medicaid, while K-12 education accounted for 19.8%. However, when examining only general fund expenditures, public schools received an estimated $235 billion (34.7% of all general fund spending), with Medicaid falling to second place at $133 billion (19.6% of general fund outlays). This inconsistency in the numbers presented by Cantor and the NASBO report does not allow for a clear determination of whether the claim is true or false based on the provided evidence.",0.6240165547529856
"Shea-Porter said in December that in 2014 ""Granite Staters who hold individual policies from Anthem… can indeed renew their policies and keep their doctors and hospitals."" New Hampshire policyholders were always able to extend their current policies 12 months, thanks to the state’s early renewal option. Anthem will not extend canceled policies after its Dec. 16 deadline, despite the White House allowing extensions until October 2014. That means that Shea-Porter’s statement was accurate when she said it, though it no longer applies today, since the renewal deadline has passed. But individual policyholders did have a chance to keep their same network of hospitals and doctors next year. Not everyone may have done so, which means some people may be forced to see other doctors at different hospitals. In New Hampshire, at least, people were given that opportunity. We rate this statement True.","The evidence supports the claim that Granite Staters who hold individual policies from Anthem can indeed renew their policies and keep their current doctors and hospitals in 2014. Specifically, Lisa Guertin, president of Anthem Blue Cross Blue Shield in New Hampshire, stated in a release that the company had sent notices to individual policyholders to remind them of the option to renew an existing policy earlier than its anniversary date, which would allow them to keep their current doctors and hospitals. Additionally, it is noted that those who renewed their existing plans before the deadline would have access to the same network of providers for 12 more months.",0.6528363459212806
"U.S. Rep. David Cicilline said that ""with the exception of the last year or maybe the last two years, we were at 100 percent"" when it came to the amount Providence contributed to the city's pension fund during the eight years he was mayor.But those last two years were not the exception.During the first three years when Cicilline was in office for the full fiscal year, the city's contribution fell short of 100 percent, ranging from 86 to 96 percent.But in the last five years of his term, the contribution was either close to or at 100 percent.Cicilline, in his off-the-cuff statement, mixed up where the years with the lowest contribution fell. But he made it clear a few times that he was citing figures from memory, so we’ll give him some leeway and rule Mostly True.(Get updates from PolitiFactRI on Twitter. To comment or offer your ruling, visit us on our PolitiFact Rhode Island Facebook page.","The evidence provided shows that while Cicilline is correct in stating that his administration made contributions at or near 100% during most years, he was asked a specific question about how many times his administration funded the pensions at 100%, and his office's response does not directly address this question. According to the Buck Consultants report, the contribution level exceeded 100% only once, in the 2007 fiscal year, and averaged 100% over the subsequent three years, but dipped below 100% in later years. Therefore, it cannot be determined for certain whether Cicilline's claim is true or false based on the evidence provided.",0.48885505272120966
"White said the council, which organized Texas Muslim Capitol Day in Austin, ""was recently listed as one of 82 organizations designated as a terrorist group by the United Arab Emirates."" So it was. However, her statement failed to note the U.S. government shortly disagreed with the council’s inclusion on the list, saying it doesn’t consider the council a terrorist group. For our part, too, we found no independent indicator the council merits identification as a terrorist organization. On balance, we rate this singling out of a seemingly flawed designation Half True. HALF TRUE – The statement is partially accurate but leaves out important details or takes things out of context. Click here for more on the six PolitiFact ratings and how we select facts to check.","The evidence provided shows that the UAE listed CAIR as one of 82 organizations designated as terrorist groups, but it also indicates that this listing was part of a broader effort by the UAE to define extremism more broadly than other countries. Additionally, the State Department and various experts have questioned the inclusion of certain groups on the list, including CAIR, suggesting that the designation may not be based on any actual evidence of terrorism or terrorist ties. The context provided suggests that the listing was likely driven by ideological differences rather than a genuine concern about terrorist activity.",0.5084574803870211
"Nelson tried to whack accusations about his lower tax bill for a family pasture with a claim that Mack takes tax breaks of his own in the form of ""two homestead exemptions.""Mack and his wife both serve in Congress, representing two different states on opposite coasts, and that’s clearly an unusual situation. They each own their own homes in their respective states.While it’s true Mack and his wife have two homestead exemptions between them, it is not accurate for Nelson to say Mack himself has two homestead exemptions. That would not be lawful, and Mack’s county property appraiser has vetted his case and determined it proper.We rate the statement Mostly False.","The evidence presents conflicting information about Connie Mack's homestead exemptions. On one hand, Senator Bill Nelson claimed during a debate that Mack takes two homestead exemptions, which is ""directly contrary to Florida’s Constitution."" However, later it is explained by Nelson's spokesman that what he meant was that Mack is part of a family unit with his wife Mary Bono Mack and they can only take one exemption. Additionally, the Lee County Property Appraiser Ken Wilkinson and Mack's campaign spokesmen argue that Mack is entitled to the homestead exemption for his condo in Fort Myers because his finances are not co-mingled with those of his wife. However, William D. Shepherd, general counsel for the Hillsborough County property appraiser's office, still disputes this, saying that they should only have one homestead exemption as a family unit.",0.6468781322874922
"A video by an anti-stadium group claims the Austin City Council is poised to give more than $1 billion to a private company and receive nothing in return. While the City Council could potentially provide incentives worth millions of dollars as part of the soccer stadium deal, the scary ""$1 billion giveaway"" language of the video simply doesn’t stand up to close scrutiny. The lengthy time frame invoked and the countless unknown events that could impact the deal make the math used in the video meaningless. Factor in that the video also doesn’t account for any return on the city’s investment, and it is clear that the contentions are off base — and ridiculous. We rate the claim Pants on Fire! PANTS ON FIRE – The statement is not accurate and makes a ridiculous claim. Click here for more on the six PolitiFact ratings and how we select facts to check.","The evidence provided shows that the claim of a ""$1 billion giveaway"" is based on a flawed mathematical analysis by the anti-stadium group. Two professors who study publicly funded economic incentives have disputed this figure, calling it ""crazy"" and stating that it doesn't pass the sniff test. They argue that the time value of money means that dollars in the future are worth less than today, making the $1 billion estimate overly simplistic. Additionally, the potential benefits to the city, such as jobs and tourism, are not considered in the anti-stadium group's analysis.",0.4611278440592424
"Crist said that Scott cut education by over a billion dollars, meaning thousands of teachers ""lost their jobs"" and ""class sizes went up."" The kernel of truth to this claim is that the number of teachers did decline and the percentage of classes out of class-size compliance rose in 2011. But this is outweighed by a long list of omissions -- and it doesn’t reflect Scott’s complete tenure. The first problem is it glosses over the fact that the cut took place in 2011, and was later followed by increases. In addition, it is an overstatement to suggest that ""thousands"" of teachers lost their jobs due to the 2011 state budget cuts. Statewide data shows the number of teachers dropped by about 1,405, but that includes departures for any reason, not just layoffs. The percentage of class sizes out of compliance with the mandate increased by about 1 percentage point between Crist’s last budget and Scott’s first budget. However, there are multiple district and state factors that influence class size and the compliance rules have repeatedly changed in recent years. We rate this claim Mostly False.","The evidence shows that while there was a $1.3 billion cut to public schools in 2011, and some teachers did lose their jobs due to layoffs, the number of teacher layoffs statewide is estimated to be around 1,405, which falls short of the ""thousands"" claimed by Charlie Crist's campaign. Additionally, student enrollment increased between the 2010-11 school year and the 2011-12 school year, making it likely that some districts struggled with class sizes due to other factors such as rapid enrollment growth or budget decisions unrelated to state funding. The data provided also shows a small increase in non-compliance with class size caps from 5.48% under Crist to 6.56% under Scott, but this was followed by a decrease and is not directly linked to the state budget cuts.",0.7094680484972502
"Hegar said 1 in 5 Texans did not have health insurance coverage before the pandemic, and now ""nearly 1 in 3 Texans under the age of 65 don’t have access to health care insurance."" Hegar is right about how many Texans under 65 were previously uninsured. The number of Texans without access to health insurance during the pandemic is harder to pin down, but her ""nearly 1 in 3"" remark reflects the latest available estimates. We rate this claim True.","The evidence provided shows that before the pandemic, about 1 in 5 Texans under 65 did not have access to health care coverage (19.9% uninsured rate). Additionally, the report from Families USA estimates that after the pandemic, about 29% of adults in Texas were uninsured (around 1 in 3), which aligns with Hegar's claim.",0.7982167596402376
"Democrat Gavin Newsom recently claimed his GOP opponent for governor John Cox ""parroted"" President Trump on the issue of family separations at the border. His statement, made right after a discussion of Cox’s policies, wrongly implies Cox supports separating immigrant families. Cox has repeatedly stated he opposes the policy. Cox and Trump have both said Congress should solve the issue, offering one parallel between the two. But even on this point, they’re not in lock-step. Trump has falsely blamed Democrats in Congress for forcing the separations, while Cox hasn’t made that specific charge. If anything, Cox has ""parroted"" one of Trump’s talking points about who should solve the problem. But he hasn’t backed Trump’s policy. Newsom’s statement contains an element of truth but ignores critical facts that would give a different impression. We rate it Mostly False. MOSTLY FALSE –The statement contains some element of truth but ignores critical facts that would give a different impression.","The evidence shows that John Cox stated his opposition to separating families at the border in multiple instances, including a press conference and a TV interview. While Cox does agree with Trump that Congress must solve the issue of family separations, this is not equivalent to ""parrot[ing] Trump — almost verbatim"" as Newsom claimed. Furthermore, PolitiFact has noted that Trump's claims about Democrats in Congress forcing the family separation policy are false, which undermines Newsom's implication that Cox and Trump share the same viewpoint on this issue.",0.6885433724490546
"Williams said a car driving Wolfe ""ran through the students, hit one of them."" This is an exaggeration of what happened. A group of protesters blocked the path of Wolfe's vehicle during the Oct. 10 Missouri homecoming parade. At some point, Wolfe's vehicle made contact with Butler — but the incident didn't require Butler to receive medical attention, or even stop protesting. Police reviewed the incident and described it as ""incidental contact."" Williams' statement contains an element of truth but ignores critical facts that would give a different impression. We rate it Mostly False.","The evidence provided from various sources, including police, witnesses, and video footage, indicates that the incident was an ""incidental contact"" and not intentional. Multiple people, including the driver of Wolfe's car and those present at the parade, described the contact as accidental, and there is no credible evidence to support the claim that a car drove through or hit students intentionally.",0.6425535771581862
"Ryan said that six studies verify that the numbers in the Romney tax plan add up. Hearing that, you might think that each is independent research. But not all studies are created equal and these come from people or groups with ties to Romney.Two of those studies come from Feldstein, a Romney campaign adviser. Three come from conservative think tanks, the Heritage Foundation and American Enterprise Institute, which have analysts who advise the Romney campaign. While every analyst would insist that they make their own judgments, the Tax Policy Center is fully independent of the Obama campaign.The studies from Feldstein and Rosen use 2009 data. That was an abnormal year and one that made it easier to make the math work for the Romney plan. The analysts could have chosen other years but decided not to.Of the studies that examine the middle class tax burden, none shows conclusively that households making less than $200,000 would be spared a tax increase. That is a group of taxpayers that Romney defines as middle class and says he would protect.None of the studies can accurately model Romney’s tax plan because he has said so little about how he would pay for it. As a result, all of them make assumptions as to what tax breaks might be reduced. They can speak in rough terms about a concept, but they can not verify a plan when no detailed plan exists.We see no more than one fully independent study out of the six claimed. We rate the statement Mostly False.","The evidence shows that several studies have varying estimates on whether the math adds up for Mitt Romney's tax plan, with some studies supporting it and others challenging its feasibility. However, none of the studies explicitly state that six studies verify that the math adds up. Additionally, two of the studies mentioned as part of the claim are editorials from The Wall Street Journal, which were previously counted in a previous claim of five studies and have since been dropped by the campaign.",0.5946640564459507
"In his tweet, Boehner said that Obama’s health care law is ""expected to destroy 2.3 million jobs."" Boehner’s use of the word ""destroy"" mischaracterizes what is going on, since the reduction will come from voluntary actions by workers, rather than layoffs by employers. The law would not push up unemployment. In fact, some people at the lowend of the wage ladder would find it easier to find work as a result of the predicted shifts in the workforce. In addition, it’s misleading to refer to 2.3 million ""jobs,"" since CBO combined all incremental losses of hours worked into full-time-job equivalents. Under this scenario, we would expect many more than 2.3 million people to be affected, but many of them would cut their hours a few at a time, rather than quitting their jobs entirely. It can be easy to miss the distinction between jobs and workers -- and the CBO report is not all rosy for the nation’s economic future. But Boehner’s statement remains flawed. We rate the claim Mostly False.","The CBO report estimates that workers will choose to work fewer hours, resulting in a decline of 2.0-2.5 million full-time equivalent workers by 2024. However, this does not translate to job losses due to employers cutting positions or layoffs; rather it's primarily voluntary choices made by workers who have access to less expensive health insurance options.",0.5263675772625467
The general unemployment rate in June 2012 would have been 10.9 percent if the labor force participation rate had remained at the 65.5 percent in place when Obama became president. That’s about 11 percent.We rate Ryan’s statement True.,"The evidence provided shows that if the labor force participation rate were the same as when Barack Obama became president, the unemployment rate would be around 10.9-11.2 percent according to Cheryl Abbott's calculation using BLS figures and assuming all 4.6 million added workers are unemployed, not 11 percent as claimed by Paul Ryan.",0.7638836742901222
"One of PolitiFact’s Truth-O-Meter principles is that words matter, and at the very least, Smith's claim is worded ambiguously. The ERCOT analysis and a news release point to an increase in energy costs of 16 percent by 2030. Smith claims that increase per year. We rate this claim as False. FALSE – The statement is not accurate. Click here for more on the six PolitiFact ratings and how we select facts to check. EDITOR’S NOTE 3:30 p.m., 12/18/15: After publication, Trip Doggett, ERCOT president and chief executive officer, emailed a statement saying Smith’s statement of 16 percent per year was based an erroneous information provided by ERCOT. ""Because ERCOT inadvertently provided incorrect information to the Chairman’s staff, I would like to take this opportunity to state the correct information and offer an apology."" This additional information did not change the rating of our claim.","The evidence suggests that ERCOT estimated energy costs will rise as much as 16 percent by 2030 due to the EPA Clean Power Plan, but this increase is over a period of time from 2022 to 2030, not every year. If energy costs rose 16 percent each year until 2030, it would be roughly a 327 percent increase in the cost of energy, which contradicts the claim made by Rep. Smith that energy costs will rise as much as 16 percent per year.",0.6961627094369185
"Cruz said: ""Every year we spend roughly $500 billion on tax compliance. That is roughly the budget of our entire military, entirely wasted on tax compliance."" This claim proved squishy at both ends. It looks like depending on how you value time, you can get to almost any total for what it costs Americans to prepare and file tax returns. However, most estimates run short of Cruz’s figure. Meantime, military spending exceeded $800 billion when he spoke though the senator’s spokesman indicated he meant to not count spending on conflicts abroad and other items not in the military’s nearly $500 billion base budget. We rate the statement False. FALSE – The statement is not accurate. Click here for more on the six PolitiFact ratings and how we select facts to check.","The evidence suggests that Cruz's claim of $500 billion spent on tax compliance is exaggerated. Multiple studies cited in the evidence, including those from the Laffer study and the Mercatus Center study, provide varying estimates of tax compliance costs, ranging from $67 billion to $378 billion a year. However, none of these studies support the $500 billion figure. The IRS's Taxpayer Advocate Service also estimated that individuals and businesses spent 6.1 billion hours complying with tax filing requirements, which would translate to around $192.6 billion in labor costs, not $500 billion.",0.5615056924197985
"Huber claimed that she’s never said ""don’t build"" Texas 45 Southwest.As far as we can tell, there’s no instance of Huber being so blunt. But her efforts to get the road pulled from the CAMPO plan and her stated desire not to proceed to construction without more information are evidence she doesn’t want the project built yet.These important details are not reflected in her statement, which we rate Half True.","The evidence provided shows that Karen Huber has consistently expressed concerns about building Texas 45 Southwest without first proving its cost-benefit analysis, and has taken actions to remove it from the county plans and CAMPO plan. While she does not directly say ""don't build it"", her words ""Prove the cost-benefit is there"" and ""I do not believe we should move forward with it till we conclude that it is going to do what they say it is going to do"" indicate that she is opposed to proceeding with the project without further analysis.",0.6442606249163229
"Will said Reagan created 1 million jobs in one month. The reality is that the jobs createdby Reagan in 1983 were the result of a counting anomaly that started with astrike of telephone workers. The federal Bureau of Labor Statistics rightly discounted the spike when it first reported it in 1983, as did news reports. Will should have, too. We rate the claim Pants on Fire.","According to the Bureau of Labor Statistics' employer data, the 1.1 million increase in paychecks in September 1983 was due to telephone workers returning to their jobs after a strike, which artificially inflated the job numbers for that month. The government's own report explicitly tied the spike to the labor dispute, and historians have confirmed that the strike accounted for most of the increase.",0.5787212780543736
"Goodlatte said enforcement of laws against lying on federal background checks for gun purchases ""is down 40 percent"" under Obama. The congressman had the percentage right, but he glossed over the law’s history of lax enforcement. During the Bush and Obama administrations, only a tiny fraction of 1 percent of the violations was prosecuted. The Justice Department has seen little value in prosecuting cases in which background checks have already stopped prohibited people from buying guns. Goodlatte, in seeking to level partisan blame, offered a juicy statistic without context. We rate his statement Half True.","The evidence provided suggests that there has been a decline in average annual prosecutions between the Bush and Obama years, with a 42 percent decrease. However, Goodlatte's claim of a 40 percent overall decline is based on incomplete data (only two years of statistics are available for Obama's administration), whereas Gutierrez counters by saying that both administrations have the ""same dismal record."" The article also provides additional context that explains why the Justice Department may not prioritize prosecutions in these cases, further complicating the issue. Therefore, it cannot be determined with certainty whether Goodlatte's claim is true or false based on the provided evidence.",0.47455282072688254
"Gingrich is right about the absolute number of Americans in poverty. A better understanding of the extent of poverty in the United States requires looking at the number of people in poverty as a percentage of the population. Measuring it that way, the current poverty rate is not the highest ever. Still, this rate is the second highest in more than four decades, which fits with Gingrich’s general point. However, we think Gingrich overstates the amount of blame Obama personally deserves for this statistic. On balance, we rate his statement Half True. ","The evidence from the U.S. Census Bureau shows that the absolute number of people in poverty in 2010 (46.1 million) was at its highest since the statistic has been recorded, and Gingrich's statement is confirmed by this data. However, it also mentions that the poverty rate is not necessarily the highest when considering population growth.",0.7359364739919113
"Clinton said, ""I spent 18 months putting together the sanctions against Iran so that we could force them to the negotiating table."" Clinton’s claim is for the most part accurate, though a little exaggerated. During her first 18 months as secretary, the State Department was at the helm of a global effort to increase sanctions on Iran, culminating in an important U.N. resolution. Clinton was personally involved in these diplomatic efforts and pushed them publicly. And experts said these sanctions, on top of other sanctions passed before and after, were crucial to getting Iran to the negotiating table. However, Clinton wasn’t singularly responsible for the sanctions, just as the sanctions passed under her watch likely weren’t singularly responsible for opening up Iran to talks. We rate her statement Mostly True.","The evidence provided shows that during her first 18 months as Secretary of State (January 2009 to June 2010), Hillary Clinton played a major role in increasing sanctions against Iran through diplomatic efforts and lobbying other countries, which was instrumental in getting the UN Security Council to approve tough new sanctions on Iran. Additionally, experts such as Patrick Clawson, Suzanne Maloney, and Richard Nephew confirm that Clinton's efforts were significant in contributing to the international sanction ramp-up against Iran.",0.6286827082375447
"The meme said police in the United States use tear gas even though it ""has been classified as a chemical weapon and banned in international conflict since 1993."" The Chemical Weapons Convention did outlaw the use of tear gas in warfare, though that went into effect in 1997, not 1993. However, the meme glosses over some context. It tries to leverage the Chemical Weapons Convention’s decision to ban tear gas as evidence of why the technique should be illegal for policing, yet that very same convention explicitly allows its use for domestic lawenforcement purposes. The claim is accurate but needs clarification, so we rate it Mostly True.","The claim that tear gas has been classified as a chemical weapon and banned in international conflict since 1993 is incorrect, as it is only banned for use in warfare under the Chemical Weapons Convention. Article II (9) (d) of the convention specifically states that law enforcement including domestic riot control purposes are permitted, not prohibited.",0.6120788391898659
"Beyer said ""over 97 percent of the scientific community"" believe humans are contributing to climate change. The studies Beyer and others cite do not reflect the scientific community at large. They are surveys that focus on the conclusions of climatologists, earth scientists and meteorologists. The studies found that overwhelming majorities of these experts - sometimes, but not always as high as 97 percent - say humans are contributing to global warming. Beyer’s statement is credible but needs elaboration. We rate it Mostly True.","The claim is supported by multiple studies and sources cited by NASA, including a study by John Cook in 2013, which found that 97.1% of abstracts and 97.2% of authors agreed with the consensus position on human-caused global warming. Additionally, other studies such as those from the University of Illinois (2009) and the National Academy of Sciences (2010) also support the claim, showing a high level of agreement among climate scientists that humans are contributing to climate change.",0.69929140104967
"Trump claims that the CIA told the Bush administration that a domestic terror attack was coming. The report assembled over a span of three years after Sept. 11, 2001, found no specific alert. The potential for a domestic attack was discussed in early August, but it was mentioned only in broad terms and was not brought back up. Investigative reports in the years since found that the CIA warnings emphasized possible targets overseas. Tenet told investigators that as late as Sept. 10 he did not talk about a domestic attack with the president. There’s no support that Bush and top White House officials had, as Trump said, ""advanced notice"" of an attack on New York City or any other place in America. We rate this claim False.","The commission report states that George Tenet told staff that ""the system was blinking red"" and that there were several threat reports, but none suggested a specific target on U.S. soil. Additionally, the August 6 briefing document titled ""Bin Ladin Determined to Strike in US"" noted unconfirmed warnings of possible attacks, but this was deemed historical by President Bush and did not lead to any meetings or actionable intelligence about an imminent domestic attack.",0.5253014151969653
"Clinton said Trump was one of the people who rooted for the housing crisis. While Trump did not welcome the tragedy of foreclosures for millions of Americans, he did speak optimistically about the opportunities the overall situation created for an investor such as himself. Clinton’s statement leaves out that nuance, but in large measure, it matches Trump’s words. We rate this claim Mostly True. ","The evidence provided shows that Donald Trump did express views similar to those quoted by Hillary Clinton, specifically in 2006 and 2007, where he hoped a real estate bubble would burst so he could buy properties at discounted prices. However, the same evidence also suggests that Trump was offering sound business guidance during these times, particularly when looking back on his statements from before the housing crisis collapsed. Additionally, in later interviews, such as with CNN in 2009, Trump framed the economic situation as a ""great opportunity"" to buy properties, but this time acknowledging the existing economic catastrophe caused by the housing crisis. This conflicting information makes it difficult to determine whether Clinton's claim that Trump rooted for the housing crisis is entirely true or false based solely on the provided evidence.",0.5794716671965588
"Sen. Corker says it has been more than three years since Congress passed a budget and that this year, not a single appropriations bill has made it the Senate floor. The record shows that he has his facts straight.While other Republicans have tried to lay the blame for the lack of a budget at the feet of Democrats, Corker does not specifically apportion blame just one party. He simply chastised the Senate in general for failing to pass a budget and we rate his statement as True.","The evidence shows that while it is true that the last budget resolution was passed on April 29, 2009, there have been appropriations bills considered and approved by the House and Senate Appropriations Committee. However, none of these bills were brought to the Senate floor for a vote due to an ongoing dispute between the parties over spending levels. Therefore, Corker's claim that ""not a single appropriations bill has been brought to the floor this year"" is false because while no appropriations bills were voted on, they were considered and approved by committees.",0.5727331125736237
"Young’s ad says he voted against the controversial $716 billion Medicare cut.What he voted against was the Affordable Care Act, which implements an estimated $716 billion reduction in payments to hospitals and private insurers in effort to reduce the program’s ever-increasing costs. He could not have known the amount would be $716 billion, as that estimate came two years after the health care vote. Meanwhile, the Republicans have their own plan for reducing future Medicare spending, by bring more private insurance companies into Medicare and offering voucher-like premium support.The claim excludes several points. We rate it Half True.","The evidence suggests that the claim ""Young opposed $716 billion cut to Medicare"" is misleading. According to the Congressional Budget Office, the health care law did reduce Medicare outlays by $716 billion between 2013 and 2022. However, it's unclear if Rep. Young specifically knew he was voting against this particular aspect of the law at the time of the vote in 2010. Additionally, as pointed out in the evidence, Rep. Ryan's budget, which Young voted for twice, also assumes the $716 billion savings in Medicare spending. This conflicting information makes it difficult to determine with certainty whether the claim is true or false.",0.5501738566510819
"LaPierre wrote that ""the president flagrantly defies the 2006 federal law ordering the construction of a secure border fence along the entire Mexican border.""First, he misrepresented what the law required, which was segments of fencing in specific places, not a continuous fence along the 2,000 mile border. Second, he ignored the 2007 amendment which gave the government some discretion over how to build the fence.The fence that has been built -- just one mile short of what’s required -- is a combination of pedestrian fencing and vehicle barriers. To some critics that does not satisfy what Congress intended in 2006, and very little of it is double-layered. On that point, we think LaPierre’s statement contains a grain of truth.Otherwise, though, it’s clear that Obama is not flagrantly defying the law, especially as resources toward other aspects of border enforcement are increasing.We rate LaPierre’s statement Mostly False.","The claim states that President Obama is flagrantly defying the 2006 federal law ordering the construction of a secure border fence along the entire Mexican border. However, the evidence shows that the Secure Fence Act of 2006 only required the construction of ""at least two layers of reinforced fencing"" in specific segments of the border, not along the entire border. Additionally, an amendment to the law in 2007 gave the Department of Homeland Security discretion to decide what type of fence was appropriate in different areas, and the fence constructed so far is mostly vehicle barriers or pedestrian fences that are not double-layered as specified in the original law.",0.6410086958125086
"Kerpen, among others, tweeted, ""Amazing fact: Senate has already voted on more amendments in 2015 than (Harry) Reid allowed ALL YEAR last year."" On the numbers, that is right. But experts cautioned us that the claim falls more in the interesting factoid category than a sign of a different or more cooperative Senate leadership. The statement is accurate but needs clarification and additional information. That meets our definition of Mostly True. Correction: An earlier version of this fact-check incorrectly described Sen. David Vitter's amendment.","The evidence provided shows that as of January 22, 2015, there were indeed more roll call votes on amendments in the Senate under new Majority Leader Mitch McConnell than there were in all of 2014 under former Majority Leader Harry Reid. This is confirmed by a search of Senate roll call votes on amendments in both years, which reveals a total of 15 votes in 2014 and 16 votes in 2015 up to that point.",0.6044382875965488
"Cornyn said, ""Texas remains one of the most severely impacted states from drug trafficking. Nearly 3,000 Texans died from drug related deaths in 2017 – with half being overdoses involving opioids."" Cornyn’s tweet as-written includes accurate figures about drug overdose deaths in Texas and across the country, but his characterization of Texas as one of the ""most severely impacted states from drug trafficking"" based on these deaths doesn’t take population into account. Looking at raw figures, Texas was among the states with the most drug-related deaths in 2017. But when we look at the rate of drug-related deaths (which accounts for population), Texas is at the lower end and had fewer drug overdose deaths per capita than 46 other states in 2017. Also: Cornyn’s tweet originated from comments he made at a Senate hearing, which suggested that he was looking at a range of factors when considering the severity of the impact of drug trafficking in Texas, not just drug overdose deaths. We rate this claim Half True. HALF TRUE – The statement is partially accurate but leaves out important details or takes things out of context.","According to the evidence provided by the Centers for Disease Control and Prevention (CDC), there were indeed 2,989 drug-related deaths in Texas in 2017, with nearly half of those being overdoses involving opioids. This supports Cornyn's claim that ""nearly 3,000 Texans died from drug related deaths in 2017 – with half being overdoses involving opioids."" However, it is worth noting that the claim that Texas remains one of the most severely impacted states from drug trafficking may be misleading when considering population size.",0.8072956474348048
"Perry told reporters that France ""wouldn’t buy Texas beef for some reason, yet 76 percent of their energy comes from nuclear power."" Perry's main point holds up;France gets about three-quarters of its electricity from nuclear power. But his beefmention lacks clarification in that itwas the European Union (not France alone) that banned only hormone-raised beef. Some beef continues to be imported to the EU. We rate this claim Mostly True. MOSTLY TRUE – The statement is accurate but needs clarification or additional information. Click here for more on the six PolitiFact ratings and how we select facts to check.","The evidence provided shows that the EU has banned imports of beef produced with growth hormones since 1989, which explains why France wouldn't buy Texas beef. Additionally, official statistics from the International Atomic Energy Agency and the Paris-based International Energy Agency confirm that France relies on nuclear power for a significant percentage of its energy production, specifically stating that in 2016 it drew 72% of its electricity from 58 nuclear power plants, which is close to the claimed 76%.",0.6171312992165728
"Jindal said that in supporting an employer health insurance mandate in 1993, Clinton opposed an individual mandate. We think readers would be wise to review the red flags we raised surrounding Jindal’s characterization of Clinton’s comments and how they apply to the current state of affairs. But when it comes to reciting history, Jindal is largely accurate. Clinton had serious misgivings about an individual mandate to buy health insurance, and strongly preferred an employer-based model. On that point, we give Jindal a Mostly True.","According to the evidence, in 1993 Hillary Clinton led a task force created by President Bill Clinton to reform the health industry and provide care for most of the population. She testified on the Hill for several days to explain and defend the plan before congressional committees. During her testimony, she stated that the administration settled on an employer mandate, rather than instituting a broad-based tax similar to Medicare or an individual mandate, as proposed by some Republicans.",0.4002795594303232
"Posts about a Christian pastor in Vermont being sentenced to one year in prison after refusing to marry a gay couple have circulated on the Internet. However, the article was published at a known fake-news site, and we found no evidence to support the existence of key elements of the story, including the pastor, church, or the judge referenced in the article. We rate this claim Pants On Fire.","The evidence provided shows that the website publishing the article, NewsExaminer, is a fake-news site classified as such by Snopes. Furthermore, it was discovered that the Christian pastor mentioned in the article, Paul Horner, is a recurring name used in stories published by other fake news sites, and does not appear to be real. Additionally, the judge mentioned in the article, Hon. Myron Danus, does not exist as verified through various court administration offices.",0.4468500803655653
"The Tea Party blames Obama for an additional half million blacks being unemployed since he took office. The group’s number of 540,000 unemployed is correct, and the NAACP concurs that blacks are among Obama’s biggest supporters. We heard varying opinions on whether the president is to blame for that job loss and it’s clear there are a variety of factors at work -- some under the president’s jurisdiction, some not. Partially accurate claims that leave out important details fits the definition of our ruling: Half True. To comment on this story, go to NJ.com.","The evidence from PolitiFact New Jersey confirms that a net of 540,000 additional black Americans did lose their jobs since Obama took office, as reported by the U.S. Bureau of Labor Statistics in Washington, DC.",0.5314458723928107
"Abbott said, ""I’ve sued the Obama administration now 25 times."" Since Obama became president, Texas has filed or been a party to 27 lawsuits against the federal government. This statement is True.","The claim that Greg Abbott has sued the Obama administration 25 times is conflicting because while the evidence shows that Texas has filed 27 lawsuits against the federal government during Obama's tenure, not all of these lawsuits are necessarily considered ""suits"" by Abbott himself. According to the article, some of these cases were initiated at the request of state agencies and were bundled together with other states' lawsuits. However, experts cited in the article argue that this does not necessarily mean Texas was not a real litigant. Additionally, some critics object to counting certain cases, such as those involving preclearance under the Voting Rights Act, as suits against the federal government.",0.48887653885216553
"Kasich said, ""When I left Washington, we had a $5 trillion surplus."" His rationale for the $5 trillion figure is reasonably sound, but he was inaccurate in how he referred to it. It was a 10-year cumulative projection for future surpluses, rather than a one-year actual surplus, and the savings turned out to be ephemeral due to unforeseen events. We rate the claim Mostly False.","The evidence shows that while the Clinton administration projected a cumulative $5 trillion surplus over 10 years (2001-2010), there was no actual $5 trillion surplus when Kasich left Washington in 2000. Additionally, the projected surplus was not based on current funds but rather future projections subject to assumptions about growth in spending and revenues.",0.6831523851472505
"Greitens said the Democratic Governors Association and ""the Obama political machine"" spent $1 million against him leading up to the primary election. A PAC with the same address as the Democratic Governors Association made four in-kind contributions totaling that amount in the weeks leading up to the election. And though both Obama and the PAC hired the same company to work on their ads, there's no evidence to support Greiten's statement that the ""Obama political machine"" colluded with the PAC. We rate this claim as Mostly True.","The claim that Democrats spent $1 million against Eric Greitens in the last couple of days is partially true, but only because a political action committee (Jobs and Opportunity) affiliated with the Democratic Governors Association made an in-kind contribution of over $1 million to Greitens' opponent Chris Koster's campaign. However, this contribution was reported as a series of smaller in-kind contributions totaling over $1 million, made beginning two weeks before the primary election. Additionally, there is no evidence that President Obama's political machine directly involved itself in the ad buy. While Greitens' campaign did issue a press release accusing Koster and Democrats of attempting to steal the election through ""meddling,"" this appears to be an exaggeration or mischaracterization of the situation.",0.5996249494098481
"In a campaign mailer, Republican congressional candidate George Flinn blamed Steve Cohen for the unemployment rate in Shelby County being more than twice as bad now (4.8 percent to 9.7 percent) than it was in 2007 when he took office.But Flinn’s numbers are off, no matter if you stop the clock at the July numbers or the more recent September numbers. Further, the campaign overreaches by trying to pin responsibility for Shelby County’s economic collapse and then gradual recovery on one elected official. We rule this claim False.","The evidence shows that the unemployment rate in Shelby County was actually 5.5 or 5.7 percent when Congressman Cohen took office in January 2007, significantly higher than the claimed 4.8 percent. Additionally, the current unemployment rate has been decreasing and was reported as 8.4 percent on October 25, contradicting the claim that it reached 9.7 percent.",0.573188308746584
"Cruz said, ""We have the lowest percentage of Americans working today of any year since 1977."" He’s put his finger on a trend that worries economists of all stripes, but his wording was sloppy. In addition, it’s worth remembering that this particular trend is being driven at least to a degree by demographic trends beyond the control of any president. We rate the claim Mostly True.","The evidence provided indicates that Sen. Ted Cruz's statement is partially correct when considering the civilian labor force participation rate, which is at its lowest level since the 1970s. However, it also mentions an alternative statistic, the employment-population ratio, for which Cruz's claim is incorrect as it has been improving in recent years and was not at its current rate in 1977 according to that measurement.",0.6306597186808001
"Congressman Holt claimed that as a potion of the nation’s economy, government support for research and development has ""fallen by nearly two-thirds since the 1960s.""Data on federal expenditures from the National Science Foundation show that as a percentage of the gross domestic product, spending has dropped by 62 percent since 1964.We rate his statement True. To comment on this ruling, go to NJ.com.","The evidence shows that according to the National Science Foundation data, federal expenditures for research and development peaked in 1964 at 1.92% of GDP and decreased to .73% by 2008, which is a decrease of 62 percent or nearly two-thirds. This supports the claim made by Rep. Rush Holt.",0.5250735314992758
"Slaughter said that ""by 4th grade, 86 percent of African-American boys and 82 percent (of) Hispanic boys are reading below proficiency level."" Government data backs up that depressing statistic, though it’s worth noting that the U.S. has at least seen improvements across all races since the early 1990s. We rate the statement True.","The evidence shows that the Nation's Report Card states that 14% of black boys and 18% of Hispanic boys read at a proficient level, which means that 86% of black boys and 82% of Hispanic boys are not proficient. This contradicts Slaughter's claim that 86% of African-American boys and 82% (of) Hispanic boys are reading below proficiency levels by the fourth grade.",0.7961140308691108
"Rowden said Webber ""voted to allow sex offenders to be within 500 feet of childcare centers and playgrounds, and even voted to allow sex offenders to be coaches."" That’s a misleading version of events. Webber actually supported the House version of the legislation in question. But the bill was amended in the Senate to include a provision that allowed some sexual offenders to have their names removed from the sexual offender registry. Webber opposed that addition, his campaign said, and voted against the final bill. There is an element of truth to this claim but not much more. We rate it Mostly False.","According to the evidence, Stephen Webber initially voted in favor of Missouri House Bill 62, which banned sex offenders from being within 500 feet of childcare centers and playgrounds, and from coaching children. He then changed his vote after the bill was amended by the Senate to include an exemption for some sex offenders to be removed from the registry if they meet certain conditions, specifically related to age at the time of offense. Webber voted against the final version of the bill because it included this weaker language that he did not support, indicating that his original vote was in favor of a stronger version of the bill.",0.7317349529266357
"The NRCC ad says that Shea-Porter ""votes with Nancy Pelosi’s Democrats 95 percent of the time,"" but Guinta ""will take on both parties"" and has ""independent New Hampshire values."" That’s a pretty stark comparison -- yet by the most apples-to-apples measurement of how both candidates have voted in Congress, Guinta scored a 96 percent partisan unity with Republicans during his term in Congress, which is hardly evidence of a big contrast. We rate the claim Mostly False.","The evidence shows that Frank Guinta has also voted in virtual partisan lockstep, voting with his party at a rate of 96 percent in the current Congress (as per the Washington Post vote study) and 97-95 percent in previous years (per Congressional Quarterly), which is barely distinguishable from Rep. Carol Shea-Porter's voting record.",0.6127225894776602
"Obama said, ""Since 2010, America has put more people back to work than Europe, Japan, and all advanced economies combined."" From publicly available data, we know that since 2010, the United States has created more jobs than the 35 other advanced economies combined. However, it’s not as clear cut that this recovery involves putting ""more people back to work,"" as Obama suggests. The labor force participation rate has consistently declined during this period, suggesting that more and more unemployed Americans are dropping out of the workforce, rather than taking new jobs. On balance, we rate Obama's claim Half True.","The evidence provided supports the claim that, in terms of net job creation, the United States has outperformed other advanced economies since 2010. However, when considering the percentage growth rate and population differences among these countries, the U.S. ranks lower than several nations on the IMF's list of advanced economies. Furthermore, the wording ""put more people back to work"" implies a specific definition of job creation, which may not align with the White House's use of net employment gain. Additionally, some experts question the accuracy of crediting President Obama for economic growth, highlighting that recessions can naturally lead to significant job recovery.",0.5940725611743107
"Kathleen Sullivan said the proportion of Rhode Islanders entering substance abuse treatment, primarily for marijuana, has reached its highest point in 20 years. Her documentation shows a peak in 2009, but then admissions decline through 2011. More recent data show the decline has continued. Further, our trend analysis shows no increase since 1999. And a federal statistician at the agency that compiled the data said admission rates have been ""relatively stable"" over the past 20 years. We rate her statement False.","The evidence shows that while there was a peak in marijuana-related admissions in 2009 at 218 per 100,000 Rhode Islanders age 12 and older, this was not in 2011 or more recent years. Sullivan's statement referred to the overall trend in marijuana admissions, which according to the data has been increasing over the past two decades. However, when examining the trend line since 1999, there is no statistically significant increase. The officials from the U.S. Substance Abuse & Mental Health Services Administration also stated that the data does not support Sullivan's assertion that the number of Rhode Islanders entering substance abuse treatment primarily due to marijuana use has reached its highest point in 20 years, citing limitations with the data such as individuals being counted multiple times per year.",0.7556889772415162
"Trump claims that in early 2000, almost two years before the Sept. 11 attacks, ""I wrote about Osama bin Laden: ‘We’ve got to take him out.’"" Trump’s book did not contain those words or their clear likeness. Bin Laden’s name appears once in the book, when the author was criticizing the Clinton administration for having an unfocused national security policy. He complained that the U.S. kept shifting its military focus between Iraq, bin Laden’s organization and Kosovo without strong results. The book says that if bin Laden was ""public enemy number one"" in 1998, then the U.S. should have spent more than one day that year on a retaliatory bombing mission against his camps that bin Laden escaped. But Trump, never known for mincing words, did not call for future efforts to exterminate bin Laden or strike against al-Qaida. So we rate Trump’s hyperbolic statement Mostly False.","The evidence provided from Donald Trump's book ""The America We Deserve"" shows that while bin Laden is mentioned in the book as part of a criticism of President Clinton's national security policy, there is no passage where Trump says ""We've got to take him out."" This contradicts Trump's claim about writing about Osama bin Laden and calling for his elimination.",0.6361768591971625
Obama has discussed the need for the country to achieve energy independence through reduced consumption and more renewable energy sources. At times he connected those policies to lower gas prices for families. But he never promised a particular price point and certainly not $2.50 a gallon. We rate Curry’s statement False. PolitiFact Florida is partnering with 10 News for the 2012 election season. See the video version of this fact-check here.,"The evidence shows that Barack Obama did not promise gasoline at $2.50 a gallon when he was running for office in 2008. In fact, the article quotes Obama as saying ""I want to invest that money in clean, affordable, renewable energy sources... so that we're not talking about high fuel prices next summer or the next summer after that or the summer after that"", which is far from pledging a particular price. Additionally, Obama's campaign promises were tracked by PolitiFact's Obameter and there is no evidence of him making such a promise.",0.492269860373603
"Rubio, arguing to defund Obamacare, said ""75 percent of small businesses now say they are going to be forced to either fire workers or cut their hours."" That’s not remotely true. In the study of small businesses he cited, less than 10 percent said they might make that choice. His office cited a news article that misinterpreted ambiguous results from an interest-group survey. But basic statistics about America’s small businesses show the number was seriously unlikely, and a quick message to the U.S. Chamber exposed the error. Yet opinion pieces under Rubio’s name repeat the claim — one that’s so wrong, it’s ridiculous. We rate it Pants on Fire.","The claim that 75 percent of small businesses will be forced to either fire workers or cut their hours under Obamacare is based on misinterpretation of a survey conducted by the U.S. Chamber of Commerce. The actual data from the survey shows that only 17 percent of the executives said they would be affected by the employer mandate, and among those, between 5% and 9% planned to cut back hours or replace full-time workers.",0.5492738873571963
"The Americans for Tax Reform flyer said the Obama administration funneled about $2 billion in ""green"" stimulus money to foreign companies, with particular benefits for China.On the dollars, the claim understates the amount that went to foreign owned companies. It was certainly more than $2 billion, which would bolster the group’s claim.But the flyer offers a very selective picture of what the stimulus did for American workers..The distinction between domestic and foreign companies and the impact of that on jobs is unclear. And while the stimulus did help pay for high-skilled jobs overseas, it also leveraged thousands of jobs in the U.S. and produced earnings greater than the amount of money spent by the government. Money did leave the country, but not with the impact the flyer presents.Regarding China, the flyer exaggerates the benefits for that nation. China stood to gain from spending on solar power, and it is hard to see how it wouldn’t have collected millions of taxpayer dollars. But solar represented about a fifth of the stimulus subsidies. The wind projects accounted for 70 percent and in wind, China played a tiny role. The countries that gained the most overall were European.The statement has an element of truth but ignores critical facts that would give a different impression. We rate it Mostly False.","The evidence provided by the Investigative Reporting Workshop and the National Renewable Energy Laboratory confirms that a significant portion of the ""green"" stimulus money, around $2.4 billion, went to foreign companies with a substantial amount being used for overseas production, resulting in limited high-skill jobs in the United States.",0.7145838904488194
"Crist said, ""Women in Florida make 83 cents for every dollar a man makes."" The figure came from a think tank using 2011 Census annual median wage data, and was bumped up a penny to 84 cents for 2012 in its latest statement on the issue. While there are other ways to evaluate the difference between what each gender earns, with several reasons why that’s the case, the Census numbers are one widely accepted measure. We rate the claim Mostly True.","According to the provided evidence from the National Partnership for Women & Families (based on a 2011 American Community Survey report) and the Bureau of Labor Statistics, women in Florida make around 83 cents or 84 percent of what men make, although there is some variation in estimates depending on the source and method used.",0.5913620032247949
"Carolyn Medeiros of the Alliance for Safe Communities said, ""There's a tax credit of $2,400 to bond [former inmates] that an employer would get for hiring a convicted felon. There's a federal bonding program -- you can get $5,000 to $25,000 in federal money to hire a convicted felon. And there's federal grants for felons to set up their own small businesses.""She was mostly correct about the tax credit (although it doesn't involve a bond). But she was wrong on the other two points.Because her statement contains some element of truth but gets some critical facts wrong, we rate it Mostly False.(If you have a claim you’d like PolitiFact Rhode Island to check, e-mail us at [emailprotected] And follow us on Twitter: @politifactri.","According to Medeiros' own sources, there are no grants set up to help felons start their own small businesses. Additionally, while employers do receive a free bond through the Federal Bonding Program, they do not get $5,000 to $25,000 in federal money as Medeiros stated. The Work Opportunity Tax Credit is real and worth up to $2,400, but it's referred to as a tax credit, not a bonding program, and has certain restrictions.",0.568138401411675
"Bush said in 2002, he ""won more Hispanic votes than Anglo votes, 60 percent in the state."" While Bush historically had enjoyed a strong Hispanic voter base, we found there actually aren’t the usual exit poll results from his 2002 re-election to support this conclusion. However, most media analyses from the election do suggest Bush carried about 60 percent of the Hispanic vote, as he did in 1998. Experts we consulted said that was most likely the case. The statement is accurate but needs clarification or additional information. We rate it Mostly True.","While some independent analyses suggest that Jeb Bush won around 57-65% of the Hispanic vote in 2002, the evidence also shows that an exit poll was flawed and not kept for reference, making it difficult to determine the exact percentage. Additionally, there is no clear data from official sources such as Voter News Service to confirm or refute the claim.",0.5869075181691543
"Dewhurst said: ""I have cut taxes 63 times, including a 2006 property tax reduction that ranks as the largest in state history."" This statement paints an incomplete picture. About 63 (or 54) measures giving someone a tax break passed into law on Dewhurst’s watch, but it's not like Texans are less tapped by such taxes of late than before. Notably, too, most of the touted laws targeted particular beneficiaries. Also, Dewhurst didn't personally cut any taxes; those decisions involved the House, Senate and governor, though Dewhurst was a leader. The 2006 school property-tax-rate reduction was historic. But this statement fails to acknowledge that actions Dewhurst helped usher into place the same year led to hundreds of millions of dollars in lesser tax increases. All told, this claim contains an element of truth, but overlooks critical facts that would give a full, accurate impression. We rate it as Mostly False. MOSTLY FALSE – The statement contains an element of truth but ignores critical facts that would give a different impression. Click here for more on the six PolitiFact ratings and how we select facts to check.","While Dewhurst did support tax-cut proposals passed into law on his watch, he had no vote on these measures, which belonged to senators and House members. The claim that he ""has cut taxes 63 times"" is an exaggeration, as he was more of a facilitator in the legislative process rather than a direct cutter of taxes.",0.6367075304190318
"Seaman says Nelson voted ""yes on the pro-amnesty SJR 21, a bill urgingCongress to provide citizenship for those residing illegally in our country."" To be clear, the ""bill"" was actually a resolution that holds no teeth. It calls fora pathway to citizenship for people not legally in the country. But it's too vague to blankly sayit falls under the ""amnesty"" umbrella, and just doesn’t mean much in the grand scheme of the immigration debate. We rate the claim Mostly True.","According to the evidence, Erv Nelson voted for Senate Joint Resolution 21 (SJR 21), which urges Congress to provide citizenship for those residing illegally in our country and includes a clear path to citizenship. The resolution clearly spells out this point, making it an accurate claim that Nelson voted for a bill supporting a pathway to citizenship.",0.6720234054507632
"The website New Century Times said in a December headline that ""Breaking: FBI just raided the White House, 6 people thrown out."" Yes, six White House staffers were removed from their jobs due to problems associated with their in depth background checks, Politicoreported. But their removals occurred in February -- this isn’t ""breaking"" news in December. And it seems a stretch to describe the removals as an FBI ""raid."" We rate this claim False.","The evidence suggests that the story about an FBI raid on the White House was exaggerated and dramatized by the New Century Times website. According to the evidence, the actual event was a routine removal of six staffers who failed background investigations, with no involvement of armed personnel or a sudden ""raid"" as described in the misleading headline.",0.5873738986830558
":Guinta claims that ""in the House of Representatives, we have 40 different jobs bills that have passed and almost all of them have been bipartisan.""The House of Representatives has indeed passed more than 40 bills that Republicans consider jobs legislation. But whether they are truly ""bipartisan"" depends on your definition.Thirty-eight of them had support from at least one Democrat. But, according to political analysts, one vote does not a bipartisan bill make. Political analysts and academics alike commonly refer to Congressional Quarterly’s definition of a bipartisan bill as one that receives majority support from both parties. Only a fraction of the 42 bills referenced by Guinta meet that standard -- six to be exact. And even if you lower the threshold to 25 percent, it's only 10 bills.Guinta makes a sweeping claim that suggests broad support for nearly every bill. But in fact, the levels for bipartisanship are pretty skimpy. We rate this claim Mostly False.","The evidence provided is conflicting because U.S. Rep. Frank Guinta claims that almost all of the 40 different jobs bills passed in the House of Representatives were bipartisan, but according to Cantor's list and searches of THOMAS, at least 38 received some level of support from both parties, with only six meeting Congressional Quarterly Roll Call's 50 percent standard for bipartisanship. Political scientists and analysts provide alternative definitions of bipartisanship, which challenge Guinta's definition, and many question whether bills that receive only a handful of votes from the minority party can be considered truly bipartisan.",0.7257105897302213
"Gingrich warned that under Obama, the EPA plans to raise gasoline prices by 25 cents a gallon.He drew that information from an industry-funded study considering the cost impacts of the EPA’s proposed Tier 3 fuel standards and went right for the high end of the estimate. ""Surely he knows that API has a vested interest in presenting a high projection,"" said Jenkins, of Republicans for Environmental Protection.Even more importantly, the study concluded its cost estimates based on fuel-standard changes that EPA is not considering. When looking only at lowering the sulfur content of gasoline, the cost would be far lower -- even less than a penny per gallon, according to a study commissioned by an environmental group. Gingrich’s statement exaggerates and misleads, and we rate it False. ","The evidence suggests that the EPA's proposal for Tier 3 regulations aims to reduce tailpipe pollution and does not specifically target a 25-cent-per-gallon increase in gasoline prices. The oil industry-sponsored study cited by Gingrich assumes changes in both sulfur content and RVP, but the EPA has since stated it is only exploring changes in sulfur levels.",0.48256470607907587
"Rubio said in the Senate debate ""in about three weeks over a half million Floridians are going to lose their coverage again"" through Obamacare. That’s a reference to more than 400,000 Floridians who are expected to lose their plans under the Obamacare exchange. However, Rubio omits that they will be offered another plan including by Florida Blue, which will remain in every county in Florida. Rubio also ignores the fact that due to the marketplace, 1.7 million Floridians have signed up for coverage -- larger than the more than 400,000 who will have to switch plans. The percentage of Floridians who are uninsured has been dropping under Obamacare in recent years. We rate this claim Half True.","According to the evidence provided by Bloomberg News and the Florida Office of Insurance Regulation, approximately 420,000 enrollees in Florida are expected to lose their plans due to withdrawals in the individual exchange marketplace. Additionally, Karen Kees, a spokeswoman for the Florida Office of Insurance Regulation, stated that this number is expected to be higher when including off-exchange enrollees who will also lose coverage. Rubio's statement that over half a million Floridians are going to lose their coverage again aligns with these numbers, suggesting his claim is true.",0.6629557791593913
"Rogers said, ""In 2014, Mexico alone received over $24 billion in remittances sent from the U.S., while other South and Central American countries received over 15 percent of their GDPs in the form of remittances."" Based on World Bank estimates, Mexico did receive more than $24 billion in remittances from the United States in 2015 (the year Rogers meant to use). Rogers would have been on safer ground in the second part of his statement had he described nations south of the border more generally. According to the latest data, a couple of countries in Central America — El Salvador and Honduras — received at least 15 percent of their GDP from remittances. Haiti, in the Caribbean, also received at least 15 percent. No country from South America reached that threshold. We rate Rogers' statement Half True.","The evidence confirms that Mexico received over $24 billion in remittances from the U.S. in 2014, as stated by Rep. Mike Rogers. However, it contradicts his claim that other South and Central American countries received more than 15 percent of their GDP in remittances, providing specific examples of countries like Haiti, Honduras, and El Salvador, which do not meet this threshold. Additionally, the text mentions a World Bank report showing Mexico received more than $25.6 billion in remittances from the U.S. in 2015, further confirming Rogers' statement about Mexico but not supporting his claim for other South and Central American countries.",0.8528005482920681
"Rubio said that for people who currently have health insurance, ""They have a doctor they’ve been seeing for the last 15 or 20 years, they won’t be able to keep going to that doctor,"" due to Obamacare. Rubio ignores the fact that without Obamacare, patients can lose access to their doctor when their employer switches plans or they switch (or lose) jobs. Some patients who buy health insurance through the exchange could lose access to their current doctor, but it’s difficult to predict how many. We rate this claim Mostly False.","The evidence suggests that people who have a doctor they've been seeing for 15 or 20 years may still be able to keep going to that doctor under Obamacare, although there is a possibility of involuntary changes due to factors such as plan switching and exchange participation. However, experts like Gail Wilensky and Judith Stein emphasize that these scenarios were already present in the pre-Obamacare system, and it's difficult to predict how many people will be affected. Moreover, there are various factors at play, including payment rates and network participation, which make it challenging to determine a specific outcome.",0.429245417373521
"In the debate, Romney cited the report’s headline figure pretty accurately. But he failed to note, first, that it was an estimate subject to significant uncertainty, and second, that the report itself included an alternative -- and arguably more accurate -- measurement that produced a significantly lower figure.That said, the lower figure, even when adjusted for uncertainty, still backs up Romney’s underlying point that illegal immigrants have gained a disproportionate share of new jobs in Texas. It’s just that the number probably isn’t as high as Romney said in the debate. So we rate the statement Half True.","The evidence suggests that Romney's statement is based on a study by the Center for Immigration Studies, which found that about 40 percent of job growth in Texas since 2007 went to newly arrived illegal immigrants. However, critics point out methodological shortcomings and assumptions made in the report, such as using gross numbers instead of net numbers and estimating the percentage of illegal immigrants. Additionally, experts agree that trying to draw conclusions from the data is problematic due to other factors at play. Therefore, it cannot be determined for certain whether the claim is true or false based on the evidence provided.",0.4288215174939897
"A Facebook post said, ""ICE has not deported or detained one white illegal immigrant."" The Facebook post does not include a source for its claim. ICE said it does not track the race of the people it removes from the country. Latin American countries were the top destinations where people were deported to in 2018. Hispanics or Latinos can be of any race, including white. News reports have noted that white immigrants have been detained and deported by ICE during Trump’s presidency. We rate the Facebook post False.","The evidence provided shows that white immigrants have indeed been detained and deported by ICE. Specifically, it cites cases such as John Cunningham and Dylan O'Riordan, who were both from Ireland and had overstayed their visas or admission terms, leading to their detention and deportation. Additionally, the article mentions that Pew Research Center estimated 700,000 unauthorized people aged 18 and older in the US were white (not Hispanic), indicating the existence of a white population within this group.",0.576997122213022
"Santorum said the federal government allows health insurance companies to keep only 15 percent of their revenues to run their businesses.His description of the medical loss ratio provision of the health reform law doesn't tell the whole story. The rule does require large group insurance plans to spend 85 percent of their premium income on real health care. For small group plans the rule is more generous. All health insurance companies are still free to spend other streams of revenue however they wish, and several types of expenses are specifically exempted from the 15 (or 20) percent limit.Santorum’s statement leaves out a good deal of important information. That pushes the needle to Half True.","The evidence confirms that the federal government has a regulation in place, known as the medical loss ratio, which requires most health insurance companies to spend at least 80 or 85 percent of their premium income on healthcare claims and quality improvement. This means that they are allowed to keep only 15 or 20 percent for administration, marketing, and profit.",0.5691265962062738
"Scott said that his proposal would allow ""a potential of 168 hours, which I think is the most we’ve ever had"" for early voting. He’s right that his proposal would give supervisors of elections the option to offer 168 hours of early voting, and that would be a record. We should note that supervisors would also have the option to only offer 48 hours of voting, which is less than previous law. But Scott was very careful with his wording, noting that 168 hours was the maximum and outlining the specific days and hours. A claim from his critics, Pink Slip Rick, said the law ""only mandates 48 hours of early voting."" We rated that Mostly True, because it didn't leave open the possibility of more hours. Scott's statement, on the other hand, specifically notes that the 168 hours are a maximum.Scott chose his words carefully and precisely. We rate his statement True.","The evidence shows that voters had a maximum of 96 hours (14 days multiplied by 8 hours) and a minimum of 48 hours (8 days multiplied by 6 hours) under the previous laws. Scott's proposal would allow for up to 168 hours, but it is not stated in the article that this was not already possible under previous laws. However, it is mentioned that some supervisors welcomed the idea of tailoring early voting to their county's needs and considered it ""nice to have the option"" of going above 96 hours. This suggests that the claim might be an exaggeration or misrepresentation of what Scott's proposal actually does.",0.648502158491235
"Teachers did get a salary increase in each of the past five years under Republican leadership. However, despite the ""Held Harmless"" statute, teachers who reach 25 years of experience or more today would not make as much as they would have in 2013-14. That’s the main wrinkle in Lee’s claim. North Carolina ranked second in fastest-rising teacher pay in 2016-17, though the ranking wasn’t consistent over the years. We rate this claim Mostly True. This story was produced by the North Carolina Fact-Checking Project, a partnership of McClatchy Carolinas, the Duke University Reporters’ Lab and PolitiFact. The NC Local News Lab Fund and the International Center for Journalists provide support for the project, which shares fact-checks with newsrooms statewide.","The evidence provided shows that while average teacher salaries may have increased every year after 2013-14, teachers with 35 years of experience and those who reach that milestone were actually included in a category where their base salary was reduced or ""held harmless"" by the 2014-15 ""Held Harmless"" statute. Additionally, first-year teachers did not see an increase to their base salary after the 2015-16 academic year. However, according to the National Education Association, North Carolina was ranked second in having the fastest teacher pay raise in 2016-17 nationally. The information provided by Sen. Lee's legislative assistant suggests that he may have gotten his information from this ranking, which supports the claim that teacher pay increased under Republican leadership every year for the past 5 years. However, the detailed breakdown of salaries and the ""Held Harmless"" statute complicate the picture and suggest that teacher pay may not have actually increased for all teachers, leading to a conflicting assessment.",0.6934004485060317
"Santorum said if the United States raises the minimum wage to $10.10 an hour, ""half a million people would lose their jobs."" Santorum said ""would""but really the 500,000-job figure wasthe CBO’s best guess. Analysts say job losses could be anywhere from just a few workers to as many as 1 million. Santorum's statement is accurate but needs clarification. We rate it Mostly True.","The evidence provided is a direct quote from the February 2014 Congressional Budget Office (CBO) report, which states that ""the economy would shed 500,000 jobs by the second half of 2016"" if the federal minimum wage were gradually increased to $10.10 an hour for all workers.",0.6318549423217774
"Mack’s ad puts a lot of spin on the basic facts when it says, ""George LeMieux was one of only two liberal Republicans who voted for Barack Obama’s liberal jobs bill that failed to help our economy."" Certainly that ""liberal"" tag is what gives the ad its bite.Here, we’re simply checking whether LeMieux was one of two Republican senators who voted for a jobs bill supported by the president. That is the case. We rate that statement True.","The evidence provided from the MSNBC's Morning Joe interview and LeMieux's statement to a reporter that he supported the Small Business Jobs and Credit Act of 2010, citing its benefits for small businesses in Florida, indicates that he indeed voted for Obama's jobs bill.",0.5915353281456127
"Clinton said, ""President Obama took more money from Wall Street in the 2008 campaign than anybody ever had."" Adjusting for inflation, Obama garnered about $3 million more than George W. Bush if you look at the broad ""finance, insurance and real estate"" sector. But using the ""securities and investment"" category, a tighter measure of Wall Street contributions, Obama clearly set a new record in 2008. Yet that record only lasted four years.Romney upped that ante by $5 million in 2012. Because the statement is accurate but needs clarification or additional information, we rate it Mostly True.","The evidence provided by the Center for Responsive Politics shows that President Obama received $17.3 million in 2008 from the ""securities and investment"" category, which is considered a good measure of Wall Street contributions. This amount exceeds the $10 million received by George W. Bush in 2004 ($11.4 million in 2008 dollars) and establishes Obama as having taken more money from Wall Street than anybody else in the 2008 campaign.",0.6828725148836772
"Axelrod said, ""8.5 million Americans have gotten rebate checks because their insurance companies were spending too much money on executive bonuses and administrative costs and not enough on health care."" He is correct on the number of rebates. However, like Obama before him, Axelrod’s claim isn’t clear on the fact that these checks are mostly going to employers who run plans for their workers, not individual Americans. Employers can then choose to pay their employees in a lump sum, reduce future premiums or act by ""applying the rebate in a manner that benefits its employees,"" such as shoring up the health fund or offering better benefits. We rate the statement Mostly True.","While 8.85 million policyholders were due rebates in 2013, about one-third (2.9 million people) physically received checks. The rest of the rebates went to employers who would then share or apply them proportionately with their employees, rather than being distributed directly as a check to policyholders.",0.6703378928624667
"Menendez said, ""A white family is likely to have about six times as much wealth than a black or Hispanic family coming out of the recession."" A study from the Urban Institute supports her statistic. Other research shows an even wider gap, further proving her point that race is a factor in U.S. wealth. Menendez's statement is accurate, and might even understate the issue. We rate her claim True.","According to a report by the Urban Institute, which PunditFact found to be correct, for every $1 in wealth that an average black or Hispanic person has post-recession, an average white person has $6. Additionally, multiple experts, including Thomas Shapiro and Alicia Menendez, corroborated this ratio of 6-to-1 as accurate, although noting it may represent the lower end of a range of possible ratios (from 6-to-1 to 22-to-1).",0.5820606546742576
"Arene-Morley said that ""There are more African American men in prison, jail, on probation or parole than were enslaved in 1850."" Our research found that U.S. Bureau of Criminal Statistics put the number of African American men under state and federal criminal justice supervision in 2013 at about 1.68 million -- 807,076 above the number of African American men enslaved in 1850. The Sentencing Project, too, puts that number at 1.88 million with local jails factored in. Given that evidence, we rate Arene-Morley’s claim True. (If you have a claim you’d like PolitiFact Rhode Island to check, email us at [emailprotected] And follow us on Twitter: @politifactri.","According to the evidence provided by the Department of Justice's Bureau of Justice Statistics, as well as Marc Mauer from The Sentencing Project, there were approximately 1.68 million African-American men under state and federal criminal justice supervision in 2013, which is more than the number of African-American men who were enslaved in 1850 (approximately 872,924).",0.8960883349653275
"Obama said 50 percent of CEOs are delaying hiring due to the shutdown, which accurately cites the results of a poll sponsored by the Business Roundtable. The survey’s limited sampling, though, means the responses aren’t necessarily representative of all U.S. businesses. But the idea that the shutdown affects how businesses think about hiring is more broadly applicable. Experts said it’s reasonable that CEOs would be hesitant to hire, given that uncertainty about government fiscal policy can affect consumer confidence.","The evidence provided shows that Business Roundtable conducted a survey among its 134 member CEOs (representing 63% of its total membership) and found that 50% of them indicated that the shutdown had a negative impact on their plans to hire additional employees over the next six months. While it's noted that the sample does not reflect a random selection of U.S. businesses, the survey results align with President Obama's claim, and an independent business group (National Federation of Independent Businesses) reports similar sentiment among its smaller business owners.",0.6052182388611329
"In the caption of a video posted to Facebook, Wooten said, ""My opponent, Rick Gunn, blocked the expansion of Medicaid — costing half a million people health insurance, including at least 23,000 veterans."" Wooten is mostly correct on the first two charges and close to correct on the third. Gunn co-sponsored a 2013 bill that rejected Medicaid expansion, so even if he was not solely responsible for blocking expansion, he played a role in it. Experts agree this is costing approximately 500,000 North Carolinians the chance at receiving health coverage. That would include many veterans, although the exact number is less clear than Wooten suggested. But given the available research, Wooten’s number seems reasonable. We rate this statement Mostly True. This story was produced by the North Carolina Fact-Checking Project, a partnership of McClatchy Carolinas, the Duke University Reporters’ Lab and PolitiFact. The NC Local News Lab Fund and the International Center for Journalists provides support for the project, which shares fact-checks with newsrooms statewide.","The evidence provided supports the claim that Rick Gunn blocked the expansion of Medicaid and estimates suggest that withholding Medicaid expansion was costing half a million North Carolinians health insurance, including at least 23,000 veterans. Experts such as David Anderson and Lisa Dubay agreed with the estimate, and although the numbers may vary slightly, it does not seem to oversell the impact Medicaid expansion could have.",0.6290853173360912
"Shapiro said that a majority of Muslims are radicals. To make his numbers work, he had to cherry-pick certain results from public opinion surveys. Given the choice between two possible percentages, he chose the higher one. Shapiro also relied heavily on the idea that anyone who supported sharia law is a radical. Some of the best polling work shows that Muslim beliefs are much more nuanced. Some countries where high percentages of Muslims support Sharia law show low support for suicide attacks on civilians. Large fractions of Muslims that endorse sharia law do not want it imposed on others. The meaning of Sharia law varies from sect to sect and nation to nation. Shapiro’s definition of radical is so thin as to be practically meaningless and so too are the numbers he brings to bear. We rate the claim False.","The article presents evidence showing that alternative measures of radicalism yield significantly lower numbers than Shapiro's claim. The table provided demonstrates how different criteria for measuring radicalism, such as support for suicide bombings or Sharia law, result in estimates ranging from 19% to 72% of Muslims worldwide being considered ""radical"". This suggests that Shapiro's conclusion, which represents a majority of Muslims as radicals, is an outlier and likely inflated due to the use of a broad and somewhat ambiguous definition of radicalism.",0.7264319939097179
"The Texas Democratic Party’s spokeswoman correctly cited two figures from the 2011 NALEO directory suggesting that Latino elected Democrats in Texas greatly outnumber their Republican counterparts.Still, this claim is missing substantive context -- that NALEO did not determine the party memberships of most Latino Texas officeholders. If this were done, the Democratic-Republican ratio might change.We rate the claim Mostly True.","The evidence provided by the National Association of Latino Elected and Appointed Officials (NALEO) confirms that as of January 2011, there were 668 Democratic Hispanic elected officials to 60 Republican Hispanic elected officials in Texas.",0.7241013065973917
"Rove said Clinton spent 30 days in the hospital and then emerged wearing glasses that only people with traumatic brain injury use. Rove since said he was wrong about the length of her hospital stay. The actual number is four days. By describing a long hospital stay and tying it to signs of traumatic brain injury, Rove associated Clinton with a more profound medical episode. Experts reject that association. Concussions are the mildest form of traumatic brain injury. The glasses Clinton wore are an optional treatment for temporary problems of double vision that are relatively common among people who suffer concussions along with other conditions. She has not worn the glasses for some time, and the neurologists we contacted said most people recover fully. While Rove never claimed Clinton suffered brain damage, he was wrong about the hospital stay and combined that with the glasses to exaggerate the nature of Clinton’s injury. His claim is inaccurate. We rate it False.","According to the evidence, Hillary Clinton spent only about 4 days in the hospital in 2012 due to a stomach virus and blood clot, not 30 days as claimed by Rove. Additionally, experts and doctors confirmed that the glasses she wore were prismatic glasses designed to help with blurred or double vision caused by concussion, which is a common consequence of concussions, but not exclusive to traumatic brain injury.",0.6335458602798119
"Rubio said, ""We have an Army that just cut 40,000 spots."" Rubio was referring to an announcement by the Army in July that it will cut 40,000 spots by fiscal year 2018. Those cuts had been talked about for several months, but the specifics were released in July. The cuts will start this fall but are expected to continue under the next president. Since the end date is under a new president and Congress, it’s difficult to guess if they will all happen, but that’s the plan for now. We rate this claim Mostly True.","The evidence from Army officials confirms that they plan to cut the size of the regular Army from 490,000 to 450,000 by fiscal year 2018, which is a reduction of 40,000 spots.",0.6346506195408957
"Paul said Obama ""spent nearly a trillion dollars on make-work government jobs."" It’s plausible that through the stimulus, Obama spent nearly $1 trillion of taxpayer dollars in hopes it would create jobs. But Paul is wrong to suggest that all $1 trillion was spent on ""make-work government jobs."" Two-thirds of the stimulus was spent on tax cuts and entitlements, and of the remaining one-third, much was paid to private contractors. Only a modest fraction of the $1 trillion was spent on government jobs, much less on jobs spent doing nothing. We rate his claim False.","The evidence provided shows that only a small fraction of the stimulus money went towards government employees and ""make-work"" jobs, with most funds allocated to tax benefits, entitlements, and private sector contracts. Additionally, government employment has actually declined by 734,000 jobs since Obama took office, which contradicts Paul's claim that President Obama ""spent nearly a trillion dollars on make-work government jobs.""",0.691209396490684
"A post on Facebook claims that ""AARP endorsed Biden"" and ""says if you are past 75 you should just die and go away."" AARP didn’t endorse Biden, or anyone. And the organization, which represents millions of Americans age 50 and older, has aggressively lobbied against any health care policies that would discriminate against aging populations. We rate these claims about AARP Pants on Fire!","The claim that AARP endorsed Biden and said people over 75 should ""just die and go away"" is contradicted by statements from an AARP spokesperson, press releases, and news coverage. These sources confirm that AARP opposes rationing care based on age or disability and does not endorse political candidates.",0.6797468683298896
"A viral image suggests that Donald Trump was only ever accused of racism after he decided to run for public office against Democrats. The record is clear, however, that Trump has deflected allegations that he is a racist since the 1970s and many times since. We rate this Facebook post False.","The evidence provided shows that there have been numerous accusations of racism against Donald Trump throughout his public life, long before he decided to run against the Democrats. Articles from reputable sources such as the New York Times and Vox document specific incidents and quotes from Trump that demonstrate a history of racist behavior. These findings contradict the claim that Trump was never once accused of being racist until he ran against the Democrats.",0.7052660777352073
"Bush said that ""as governor of Florida, I used a combination of strategies to help reduce heroin use among youth in Florida by approximately 50 percent."" The only statistics that directly address his statement offer numeric support.However, the report in question cautions against drawing broad conclusions for such low-frequency events as youth heroin addiction, and experts thought it curious that the drop essentially happened in the first year, with little change after that. Experts praise Bush for his drug policies, but it’s important to note that broader demographic and social factors -- reflected in falling youth heroin use nationally during that period -- likely made a difference as well. We rate the claim Half True.","The evidence provided by the 2006 Florida Youth Substance Abuse Survey conducted by the Florida Department of Children and Families shows that there was indeed a 50% decrease in heroin use among youth in Florida between 2000 and 2006, both for lifetime use and for use in the past 30 days.",0.579676548878352
"Cruz said, ""One of the most troubling aspects of the Rubio-Schumer Gang of Eight bill was that it gave President Obama blanket authority to admit refugees, including Syrian refugees, without mandating any background checks whatsoever."" The failed 2013 bill did not change the number of refugees, the overall framework of the screening process or give the president authority to admit any group at will. It would have allowed the president to designate certain groups outside the United States as particularly at risk, and other officials to label certain refugees in the United States as having nowhere to go. It further would have repealed the deadline for refugees already here to apply for asylum. Experts said none of the provisions Cruz has previously cited work the way he is warning they would. We rate his statement False.","While the Rubio-Schumer Gang of Eight bill did give the president power to define who is considered ""stateless"" and grant refugee status, it did not give the president blanket authority to admit refugees without background checks. The evidence shows that all refugees would still be subject to background checks, interviews, and confirmation from several federal agencies.",0.6390036659362989
"Bush said that the three Republican senators running for president ""have a combined two bills that became law that they've sponsored."" Bush has his numbers right: Of all the bills Cruz, Rubio and Paul have sponsored combined, only two bills have been signed into law. But experts told us that this isn’t a great measurement of a legislator’s effectiveness, and there are other ways to show impact in Congress. All three senators have their fingerprints on numerous laws as cosponsors or amendment authors. We rate Bush’s claim Mostly True. Editor's note: This post has been updated to include a response from the Cruz campaign that we received after publishing the article and to clarify the senators identified by Bush in his claim.","The evidence provided states that ""We found that Bush’s statement is accurate in that the three senators have sponsored just two bills that eventually became law."" This confirms that the claim is true.",0.6392709835370382
"At the Jacksonville debate, Gingrich was more accurate than he's been in the past and his chronology of the law and the four budgets is correct. But he oversimplifies the causes of the balanced budget. His words are accurate but need additional information, which makes this a Mostly True. ","According to the evidence provided, during Gingrich's time as speaker from 1995-1999, there were deficits in fiscal years 1996 and 1997, but then two consecutive surpluses in fiscal years 1998 and 1999. However, the country ultimately did have four consecutive balanced budgets (fiscal years 1998 to 2001), which meets the condition stated in the claim.",0.4598334170676567
"In a radio interview, Christie claimed that in Obama’s first two years, the president had ""huge majorities in the House and Senate, and did nothing with them to create jobs in America.""But Obama and the Democratic-controlled Congress did do something, governor. It’s called the American Recovery and Reinvestment Act of 2009, a stimulus bill that various economists credit with creating or saving jobs.That’s why it is ridiculous for Christie to claim Obama did ""nothing."" Pants on Fire! To comment on this ruling, go to NJ.com. ","The evidence provided shows that the American Recovery and Reinvestment Act of 2009 allocated billions of dollars for federal spending and tax benefits, which led to the creation or saving of a significant number of jobs. Multiple economic research studies are cited as supporting this conclusion, including projections from organizations such as the Congressional Budget Office, Moody's Analytics, and the Federal Reserve Bank of San Francisco.",0.45716164045863683
"Ratliff wrote that Massachusetts has three mandated student tests and Finland one.Both claims reflect the exams that students in Massachusetts and Finland have to take to qualify for high school graduation.But students on the academic track in Finland must take at least four separate tests. Also, given that Ratliff’s article does not say he’s speaking only to tests administered in high school, it’s worth noting that Massachusetts, like Texas, requires students starting in third grade to take state tests.This claim grades out as Half True. CLARIFICATION, 10:00 a.m., Dec. 19, 2012: We amended this article to point out that Finnish students who focus on vocational courses at the secondary level do not have to take a government-mandated exam to graduate. This wrinkle, brought to our attention by a reader, did not change our Truth-O-Meter rating.","The evidence provided shows that Massachusetts has state-mandated tests for high school students in English language arts, math, and a science-related subject, but also allows students who do not meet the ""proficient"" score to graduate with an educational proficiency plan. Additionally, students in grades 3-8 must take standardized state exams. This suggests that Massachusetts has more than one state-mandated test. However, the evidence also shows that Finland has a single exam at the end of high school, known as the Finnish Matriculation Exam, but this exam consists of ""at least four tests"" and students may choose to take additional optional tests, which can total up to 10 or more exams over a period of time. Therefore, it cannot be determined for certain whether Finland has only one state-mandated test.",0.6571171641349793
"Hassan said that there is a ""traditional 60-vote threshold for confirming Supreme Court nominees."" Most Supreme Court nominees have indeed reached 60 votes. But not all have, and the official standard remains 50 percent plus one, not 60. And while a 60-vote supermajority for cloture is often required these days for much of the Senate’s business, filing for cloture is actually the exception, not the rule, where recent Supreme Court nominations are concerned. Cloture votes have been required in only four of the 23 confirmations since the Eisenhower Administration. This calls into question Hassan’s use of the term ""traditional."" We rate the statement Mostly False.","The evidence shows that while a cloture vote requires 60 votes to end debate and force a vote on a Supreme Court nominee, it is not the ""traditional"" threshold for confirming nominees. In fact, most Supreme Court nominations have been confirmed without a cloture vote, including those of Sonia Sotomayor and Elena Kagan, who received 68 and 63 votes respectively, but were never filibustered.",0.7145283529835362
"Anne Nolan said Rhode Islanders who have been homeless for at least a year cost Medicaid an average of $60,000 per person per year. But the $60,000 cost she cites applied only to the 67 homeless people with the highest medical bills, a major caveat she didn't mention in her commentary. The annual dollar amount for all Medicaid recipients in the study who were homeless for at least a year was $23,650 -- a substantial cost to taxpayers, but far less than what Nolan indicated. Because Nolan's statement makes it sound like it applies to all long-term homeless people on Medicaid when, in fact, it only focuses on the most-expensive subset, we rate it False. (If you have a claim you’d like PolitiFact Rhode Island to check, email us at [emailprotected] And follow us on Twitter: @politifactri.","The evidence shows that the $60,000 per person figure only applied to the 67 individuals who had the highest Medicaid bills among those who were homeless for one year or more, not the average cost for all long-term homeless people on Medicaid. When Eric Hirsch recalculated the data for the larger group of 442 long-term homeless people, he found that their average Medicaid charges per person per year was $23,650, which is still lower than the claimed $60,000.",0.7883613917032878
"On Morning Joe, Coburn said, ""In 2010, everybody said you can't dare let guns go into the national parks, and of course the rapes, murders, robberies and assaults are down about 85 percent since we did that."" Coburn’s office acknowledges that he misspoke; they actually calculated a decline of 12 percent, which is dramatically lower than 85 percent. But we find even the revised statistic to be questionable. It hinges on using 2008 data, when 2009 data would be more appropriate -- and a comparison using data from 2009 actually shows an increase in violent crime in national parks since the gun ban was lifted. Meanwhile, it’s far from clear that guns had an influence on the relatively small number of crimes that take place in national parks. We rate Coburn’s statement False.","Coburn's office acknowledged that he overstated the decline in violent incidents by claiming an 85% drop, when in fact the data shows a 12% decrease. Additionally, upon examining the original data provided, it was found that murders actually went up between 2008 and 2011, and using 2008 as the ""before"" year amounts to cherry picking.",0.6084703964156073
"Clinton said that voters in Texas had to wait in long lines because ""the Republican side gets 25 machines, the Democratic side gets five machines."" Clinton is right that people in Texas waited for hours to vote, but she’s off on the polling machine disparity. In the county that experienced the longest lines on Super Tuesday, a main problem was the opposite of what Clinton described: a local decision to provide an equal number of machines for Republicans and Democrats at each voting location. We rate this claim Mostly False.","The evidence provided shows that while there were indeed long lines in Texas on Super Tuesday, the claim that ""the Republican side gets 25 machines, the Democratic side gets 5 machines"" is not supported. In fact, the article states that Harris County allocated an equal number of voting machines for each party at every polling place, which led to longer lines for Democratic voters due to their higher turnout. Additionally, Tarrant County's plan called for a set number of voting machines based on past voter turnout data, but this was not 25:5 ratio as claimed by Clinton.",0.6470758270907712
"Rosenberg made the claim that a Liberian woman is ""more likely to be married by 18 than to know how to read."" This claim relies on data from an old 2007 survey. Using a more recent survey and the closest age group for which data are available, the comparison doesn’t hold. Young Liberian women are more likely to know how to read than be married. We rate this claim Mostly False. This fact-check originally was published by Africa Check. Read their version of this story here. ","The evidence provided suggests that while a significant percentage of women in Liberia are married by age 18 (ranging from 35.9% based on 2013 survey data to potentially higher rates as implied by older statistics), the evidence for literacy rates is also inconclusive and varies depending on the definition used.",0.7178610052702562
"At a campaign event in New Hampshire last week, Christie claimed New Jersey lost private-sector jobs between 2000 and 2009 because Democrats increased taxes, fees, regulations and state spending.The governor’s right about the drop in private-sector jobs: New Jersey lost 155,000 jobs between December 1999 and December 2009. But the reasons behind those job losses are complex and Christie failed to acknowledge the impact of the recession, which coincided with the bulk of the job losses. We rate the statement Half True. To comment on this ruling, go to NJ.com.","The evidence provides contradictory information regarding the claim. On one hand, it is stated that New Jersey did lose private-sector jobs between 2000 and 2009. However, the experts cited in the evidence argue that this loss cannot be attributed solely to tax increases, fee hikes, regulations, or state spending. They suggest that the recession played a significant role in the job losses, and other factors such as competitiveness also contributed to weak private-sector job growth. This conflicting information prevents a clear determination of whether the claim is true or false.",0.5341607670995254
"Adler said: ""57% of the jobs created from 2009 to 2013 do not pay families a living wage."" To be precise, that’s the estimated share of net jobs added in the multi-county Austin area (not Austin alone) pegged as having median wages less than the living wage for an adult with one child. Families vary in size, though, as do related living wages. We rate this statement, which lacks clarification, Mostly True. MOSTLY TRUE – The statement is accurate but needs clarification or additional information. Click here for more on the six PolitiFact ratings and how we select facts to check.","The evidence shows that according to the data compiled by EMSI and cited by the Austin American-Statesman, approximately 57% of the newly created jobs from 2009 to 2013 paid less than the living wage for a single parent with one child ($19.56 per hour). Additionally, independent analysis by Cynthia Osborne and Daniel Dillon using more detailed data confirmed that around 57% of the jobs added in the Austin area did not pay the living wage for an adult with one child.",0.7266685885352058
"Sanders said that if American multinational corporations had to pay taxes on the profits they made overseas, they would owe $620 billion. This is at the high end of the estimates we collected. Sanders also described the overseas holdings as cash. According to one expert we reached, a lot of that money might be invested in factories and other hard infrastructure and might not be available for tax collections. Still, the mid-range estimate from credible sources is in the $500 billion to $550 billion range. All the numbers cited were relatively high. We rate Sanders’ estimate Mostly True.","The evidence provided includes various expert opinions and estimates of the potential tax revenues, ranging from $300 billion to over $620 billion. While some experts, such as Richard Harvey, suggest that Sanders' estimate may be conservative, others, like Edmund Outslay, question the assumptions made in the study behind the estimate and provide lower estimates. This disagreement among experts indicates that it cannot be determined for certain whether the claim is true or false based on the evidence provided.",0.4769516911305173
"Clinton said, ""Since we last debated in Las Vegas, nearly 3,000 people have been killed by guns."" We found a few problems with her statement. First, we don’t actually know how many people have died in the last month. Clinton’s statement is based on 2013 data from the CDC, which tallied nearly 3,000 gun deaths per month that year. There’s not more recent data available. Experts say the number of gun deaths this year is likely to be similar to or higher than 2013, so Clinton’s claim is probably not too far off. But we can’t know for sure. Also, it’s likely that at roughly half of these deaths are due to suicide. It could be even higher. Clinton’s phrasing obscures that point. Clinton used very specific language even though she’s actually extrapolating from old data. Overall, we rate her claim Half True. Editor's note: The Gun Violence Archive got back to us after publication, and we've updated the piece to include their comments.","The claim that nearly 3,000 people have been killed by guns since the last debate in Las Vegas cannot be supported by the evidence provided. Although the Centers for Disease Control (CDC) data shows a monthly average of approximately 2,800 gun deaths in 2013, it is mentioned that Clinton was referring to 2015, not 2013. Moreover, the Gun Violence Archive's numbers, which are less comprehensive and do not include suicides, also do not support the claim. The experts consulted for this article agree that while the number of gun deaths in 2015 might be higher than in 2013 due to increased homicides and suicides, it is impossible to confirm if nearly 3,000 people have been killed by guns since the Las Vegas debate.",0.694554432630539
"In this statement, Coons suggested that that ACA provided pre-existing condition protections to the more than 150 million Americans who get their health coverage through their place of employment. But that is not completely correct.Those were already in place through HIPAA, though expanded by the ACA. We rate Coons’ statement as Half True.","According to the evidence, protections against preexisting condition discrimination for most people with job-based insurance predated the ACA by more than a decade, thanks to the Health Insurance Portability and Accountability Act of 1996 (HIPAA). HIPAA protected those continuously covered under employer plans from being denied coverage or charged waiting periods in new jobs. The ACA further addressed gaps left by HIPAA, including requiring large employers to provide a minimum package of benefits and insurers to sell policies to individuals with preexisting conditions without charging them more.",0.62796224907263
"Christie said: ""property taxes went up 70 percent in the 10 years before I became governor.""In the decade before Christie took office, the average property tax bill climbed more than 70 percent, from roughly $4,240 to about $7,280.But when property tax rebates are taken into account, the increase is less, jumping roughly 50 percent in a decade.Either way, Christie is on point that property taxes increased significantly from 1999 to 2009.We rate this statement Mostly True.To comment on this ruling, go to NJ.com.","The evidence shows that the average property tax bill in New Jersey increased from $4,240 in 1999 to $7,280 by 2009, a more than 71 percent increase. However, when property tax rebates are factored in, the increase is roughly 51 percent.",0.7121944263214018
"The cyber-squatter site claims that after laying off ""30,000 people,"" Carly Fiorina said that in retrospect, ""I would have done them all faster."" While the number is accurate -- acknowledged in a 2006 interview by Fiorina -- the comment that ""I would have done them all faster"" is pulled out of context. In fact, Fiorina was more specifically referring to her decisions to force out a small number of top-level executives, not tens of thousands of rank-and-file employees. The claim is partially accurate, but takes some things out of context, so we rate it Half True.","The evidence shows that Carly Fiorina did indeed say she would have done some layoffs ""faster"", but it's not clear if this specifically refers to the 30,000 people laid off. In one quote, Fiorina mentions firing certain high-ranking executives quickly and says ""I would have done them all faster"" - implying that she is referring to a smaller group of individuals rather than the entire 30,000 people laid off.",0.6929299931372366
"It’s hard to say exactlyhow many failing schools are in North Carolina, but we do know there are not 500 like AFP state director Donald Bryson said. He was referring to low-performing schools, but the majority of low-performing schools are D schools – which most people don’t consider failing. We counted failing schools in a number of ways, with the results ranging from 80 to 415 depending on the grading scale used to define what an F is. Any way you slice itthere are clearly dozens, and maybehundreds, of failing schools statewide. Bryson’s statement was overly broad, but it’s not totally wrong. We rate this claim Half True.","Although the state's definition of ""low-performing"" includes F schools as well as D schools, an expert on education policy notes that the grading system is flawed and punishes schools for having students who came to them below grade level. Furthermore, nearly half of the schools Bryson considers failing are actually improving, and a range of estimates (80-415) indicates that the number of truly failing schools is significantly lower than 500.",0.6612280321121216
"Cruz said, 70 percent of Republicans nationwide ""don't think Donald Trump is the right guy"" to take on Hillary Clinton in November. Cruz is referring to the polling average of 34 percent of GOP voters who say Trump is their top choice. Inverted, 66 percent of Republicans prefer someone else. That doesn’t mean, however, that the 66 percent refuse to support Trump overall. The highest estimate we found for Republicans flat-out protesting Trump is 42 percent. Cruz’s statement is largely accurate but leaves out some context. We rate it Mostly True.","The evidence provided shows that while it is true that a significant portion of Republicans do not prefer Donald Trump as their nominee, the actual percentage is unclear. Cruz's statement citing 70% of Republicans who don't think Trump is the right guy cannot be confirmed based on the polling data presented, which suggests a more nuanced and varied preference among Republican voters.",0.6679226717528175
"Trump said that 72 percent of the refugees admitted into United States between Feb. 3 and Feb. 11 were from seven countries his executive order targets. According to the Refugee Processing Center, of the 1,462 refugees entering the United States between that time frame, roughly 72 percent were from Syria, Iran, Iraq, Somalia, Syria and Sudan. No refugees were from Libya and Yemen. We rate Trump’s claim Mostly True. ","The evidence provided from the Refugee Processing Center's data shows that, during the period from February 3 to 11, approximately 72% (1,049 out of 1,462) of refugees admitted into the U.S. were indeed from the seven countries listed: SYRIA, IRAQ, SOMALIA, IRAN, SUDAN, LIBYA & YEMEN, which aligns with President Trump's statement.",0.8279855083536218
"Cruz said of Trump, ""The one person he has suggested that would make a good justice is his sister, who is a court of appeals judge appointed by Bill Clinton. She is a hardcore pro-abortion liberal judge."" Cruz’s claim is misleading. Yes, Trump said his sister would make a good Supreme Court justice. But he said he wouldn’t appoint her, and he has named two other potential nominees. And yes, Clinton elevated Trump’s sister to the appeals court. But Cruz leaves out that Reagan appointed her to the federal bench in the first place. Trump’s sister did join in ruling a New Jersey ban on partial-birth abortions unconstitutional. It’s worth noting that Justice Alito — hardly a ""hardcore pro-abortion liberal judge"" — joined in that opinion. Cruz twisted and left out facts to make a faulty claim about Trump’s views on the Supreme Court. We rate Cruz’s claim Mostly False.","The evidence suggests that while Donald Trump did suggest his sister Maryanne Trump Barry as a potential nominee, and described her as ""phenomenal"", he has also stated on multiple occasions that she is not the right person for the job due to their differing views. Furthermore, at a debate in South Carolina two days before Cruz's claim, Trump named Diane Sykes and Bill Pryor as alternative conservative nominees.",0.4523116404751697
"U.S. House candidate and State Rep. Jack Flanagan said that ""almost 5 percent if not more"" of the population of Coos and Sullivan counties were enrolled in the state’s expanded Medicaid program. In the second congressional district, one county has more than 5 percent enrollment in the state’s expanded Medicaid program and another is pretty close. Coos county indeed breaks the 5 percent mark. Sullivan, at 4.28 percent, which have the first and second-highest participation rates in the state, respectively. We rate Flanagan’s statement True.","While it is true that Coos County has a participation rate above 5 percent in the expanded Medicaid program, Sullivan County's enrollment rate of 4.28 percent does not meet the claim's threshold of ""almost 5 percent if not more"".",0.8032924467741057
"Trump said, ""Out of 67 counties (in Florida), I won 66, which is unprecedented. It's never happened before."" Trump won 66 counties, but it’s far from unprecedented for Florida primary winners to win by a huge margin. Going back even just a few decades, there are several instances of candidates winning all 67 counties. We rate Trump’s statement Pants On Fire!","Although Trump did win 66 out of 67 counties in the Republican primary, the evidence shows that winning all or nearly all counties is not unprecedented, as several instances in previous years (2004, 2000, 1996) demonstrate that other candidates and even Donald Trump himself in another contest beat his record.",0.7775928114589892
"Romney told donors he could win over wavering voters by reminding them that Obama said ""he'd keep unemployment below 8 percent.""Obama didn’t say that. Rather, his Council of Economic Advisers predicted that the stimulus would hold it to that level. Their report included heavy disclaimers that the projections had ""significant margins of error"" and a high degree of uncertainty due to a recession that is ""unusual both in its fundamental causes and its severity.""The sub-8 percent prediction did not hold true, but it’s still incorrect to characterize it as a promise or guarantee.We rate Romney’s statement Mostly False.","The evidence shows that the report from Christina Romer and Jared Bernstein projected that the stimulus plan would result in unemployment rates peaking below 8% in 2009, but did not promise this outcome. However, the report also included disclaimers stating that their estimates are subject to significant margins of error and uncertainty. Additionally, the actual unemployment rate exceeded 8% and peaked at just over 10%.",0.5367369709720075
"In a panel discussion on HBO’s ""Real Time with Bill Maher,"" Booker claimed that ""right now, we have more military spending than the next 10, 11, 12 countries combined.""The mayor’s statement is accurate, according to data from two leading authorities on worldwide military spending. One set of figures shows that, in 2011, military spending by the United States exceeded the combined total of the next 12 highest nations by roughly $40 billion.We rate the statement True. To comment on this ruling, go to NJ.com.","The evidence provided from the Stockholm International Peace Research Institute and The International Institute for Strategic Studies shows that in 2011, the United States spent more on defense than the combined total of other high-spending nations. According to the Stockholm International Peace Research Institute, the U.S. spent $711 billion, while the next top 12 spending nations accounted for a combined total of $670.9 billion. Similarly, The International Institute for Strategic Studies reports that the United States' defense budget in 2011 was $739.3 billion, making it the largest in the world, and the combined total of the next top 9 nations was $486.7 billion.",0.6994024386911681
"Napolitano said that ""Woodrow Wilson borrowed $30 billion to fund World War I in 1917. That money has not been paid back. And we are still paying interest on it."" The original Liberty Bonds and Victory Notes stopped paying interest decades ago. But Napolitano argues that, because the United States has never subsequently zeroed out its debt, the original World War I debt has been rolled over countless times, leaving subsequent bondholders to pay off a small, ancestral fraction of that old debt. That’s one way of looking at it, but not a view that carries much weight with experts, who call the rollover method straightforward and uncontroversial. We rate the claim Mostly False.","The evidence shows that while Woodrow Wilson did borrow approximately $30 billion to fund World War I in 1917, this debt has not continued to accrue interest since its initial maturity. The Treasury Department ""rolled over"" the debt by selling new bonds to pay off the old ones as they matured, meaning that no specific current bond can be assigned to the historical incident of funding World War I. This is confirmed by experts such as Linda M. Hooks and Neil Buchanan, who agree that rolled-over debt does not mean ongoing interest payments on initial debt.",0.6303133743339114
"In the GOP radio address, Hutton said a ""study showed as many as one in four people have had a package stolen from their residence."" A trio of surveys of online shoppers supports that number, though statistics from law enforcement are hard to come by. We rate the claim True. How to avoid porch piracy Milwaukee Police Officer Jennifer Feather in a ""Cyber Monday"" message posted Dec. 2, 201,9 on the Nextdoor social network for neighborhoods, said porch piracy is preventable. ""The Milwaukee Police Department wants to remind residents to be vigilant this holiday season as packages begin to arrive on our doorsteps."" Feather also offered tips to neighbors to help thwart package thefts: 1. Keep each other updated about recent package theft activity 2. Share surveillance footage of a package theft in action 3. Ask a neighbor to pick up a package if your plans have you away from home 4. Offer to pick up a neighbor’s packages 5.","The evidence provided from the ""2019 Porch Package Theft Report"" by Shorr Packaging Corp. states that nearly 1 in 4 online shoppers surveyed (24%) had personally experienced package theft, which supports Hutton's claim. Additionally, two other sources, Security.org and Canary, also report similar rates of package theft, with close to 40% and nearly 1 in 5 Americans being victims or knowing someone who was a victim, respectively.",0.5818850078144853
"Andrews said, ""Missouri is actually the only state that has been forced to borrow money from the federal government to pay for unemployment benefits during each of the last five economic downturns."" According to the data from the U.S. Department of Labor, not only did Missouri take out loans from the federal government to pay for unemployment benefits during economic downturns, but also it is the only state to do so. We rate this claim as True.","According to the data from the U.S. Department of Labor, Missouri has borrowed money from the federal government in each of the last five economic downturns to make up for deficits in its unemployment trust fund. A review of data on borrowing by other 49 states confirms that Missouri is indeed the only state to receive a loan from the federal government during these time periods.",0.7114040292633905
"As CFO, Sink did watch the debt increase over her term, but by $3.4 billion, not $5.2 billion. Plus, the Legislature, not the Cabinet, has most of the say in bond appropriations. Not to mention there was a nationwide recession that took its toll on the Florida economy, which is out of the hands of state officials. Given all these hefty clarifications, we rate the Florida Republican Party of Florida’s claim Mostly False.","According to the evidence provided, when considering only Alex Sink's term as CFO (2007-2011), the increase in debt was $3.4 billion, not $5.2 billion as claimed by the Republican Party of Florida and referenced in the ad.",0.7606610646907319
"The mayor said that under his plan, half of the city’s residences would see a drop in water bills. His carefully worded statement is accurate. The unspoken part is that 50 percent will see their bills increase. The mayor also omits that his proposal would lead to a modest rate hike for the average water user. The mayor is correct, but his statement benefits from additional information. We rate the claim Mostly True.","The evidence provided shows that under Mayor Dwight Jones' plan, the base rate charged to all customers for water and wastewater service would decrease by half, while the second monthly payment based on the volume of water used would rise. According to a chart sent by the mayor's spokeswoman, about 25,904 customers (about half of the city's residential customers) use 400 cubic feet or less each month, which means they would see lower bills due to the increase in their base rate being less than the savings from the halving of the base rate. Additionally, a report by Raftelis Financial Consultants shows that the average residential household uses 600 cubic feet of water and wastewater per month, which is above the threshold for the increased volume fee.",0.4750630805366918
Tedisco said the measure raising the minimum wage for tipped workers in Maine was reversed in less than a year. Tedisco is right. Voters in Maine raised the minimum wage for tipped workers through a ballot initiative. State lawmakers reversed that decision less than a year later after pressure from restaurant workers who were against the wage increase. We rate his claim True.,"The claim states that Maine ""reversed [the decision to raise the minimum wage for tipped workers] due to restaurant employees organizing en masse against the measure."" However, according to the evidence, it was actually the Maine legislature that passed a new law in June 2017 making the minimum wage for tipped workers half of the regular minimum wage, after hundreds of restaurant owners and workers showed up at the state capitol to voice their opposition. This shows that while there was public opposition, the decision to reverse the original measure was made by lawmakers rather than solely due to employee organization.",0.6660502517980242
"Patrick said the 2014-15 state budget written by lawmakers and signed into law by Perry ""cut border security and funding to fight criminal gangs."" Yet his cited figures drew from budget summaries that did not show all border spending. Budgeted border security funding in 2014-15 exceeds the total in the 2012-13 budget by about one third, while budgeted 2014-15 spending on battling gangs has yet to be fully calculated. It’s a PolitiFact principle not to hold people responsible for information that wasn’t available when they made their claims. In this instance, though, our sense is Patrick could at least have pinned down total border security funding before he spoke. The fact that anti-gang spending has still not been totaled leaves Patrick’s claim with a possible element of truth. We rate the full statement as Mostly False.","The evidence shows that budgeted border spending actually rose about $118 million from 2012-13 to 2014-15, contradicting Sen. Dan Patrick's claim that the state budget ""cut border security and funding to fight criminal gangs.""",0.7351353038441052
"Sundheim said California’s violent crime rate increased 34 percent over the past year, citing a recent report. Sundheim misread the report in question, its authors said. We rate his claim False. FALSE–The statement is not accurate. Click here formoreon the six PolitiFact ratings and how we select facts to check. ","The evidence shows that the Public Policy Institute of California (PPIC) report cited by Sundheim does not support a 34% increase in violent crime in California. According to the PPIC, the preliminary data for January to June 2015 showed a double-digit percentage increase in violent crimes in 34 out of 66 cities, but there is no mention of a statewide 34% increase. Additionally, the PPIC's co-author and author stated that they did not see any data showing a 34% increase in crime in California for 2015.",0.6119684117180961
"Foster said that 60 percent of car thefts occur because the owner left keys inside the vehicle. In St. Petersburg this year, it’s actually 83.4 percent. An expert said that might be tops in the country. The specific number aside, Foster’s point that many auto thefts can easily be avoided is 100 percent on the mark. We rate this claim True.","According to the Police Chief Chuck Harmon, out of 551 cars stolen so far this year, 460 had keys either in the ignition or elsewhere in the vehicle. That's 83.4 percent, not 60 percent as claimed by Mayor Foster and stated in the claim.",0.5318184871143765
"Kander said ""Blunt voted to raise his own pay 12 times"" while in Congress. This is a misleading attack. Blunt did not literally vote to increase his pay 12 times. He voted in support of measures that could have blocked or limited automatic cost-of-living increases from taking effect. Even all of those cases aren’t clear-cut, as sometimes Blunt sided with efforts to stop the automatic pay increase. Kander’s statement contains an element of truth but ignores critical facts that would give a different impression. We rate it Mostly False. ","The evidence provided shows that Roy Blunt did not directly vote for 12 pay increases, but rather voted against measures to stop or freeze his own pay from increasing. While he may have indirectly benefited from the automatic pay adjustments, his votes can be seen as attempts to prevent a reduction in congressional salaries, rather than explicit votes to raise them.",0.6942476995529667
"Schultz said Christie firied 6,000 teachers. There are two problems with Schultz’s claim. First, the number is closer to 4,500, and even the teachers’ union would not say that all the people that held those jobs were fired. Some of them retired and were not replaced. The number of teachers declined but not necessarily through being fired or laid-off. Second, while Christie pushed hard for steep cuts to school funding, he also got help from local voters. Because of those caveats, we rate Schultz's claim Half True.","The evidence shows that under Chris Christie's governorship, the number of teachers decreased by around 4,500 from 2010 to 2012. However, this is less than the claimed 6,000, and not all those teachers were directly fired. A spokesperson for the New Jersey Education Association stated that Christie backed a budget cut of $1.3 billion for schools, leading to a mix of layoffs and retirements, with more people laid off than retired. On the other hand, others argue that the responsibility for the loss of teachers rests solely on Christie's shoulders due to his cuts, while also pointing out that funding cuts were implemented in collaboration with the Democratic Legislature.",0.6416549952406633
"Huckabee said, ""Only one out of five of the so-called ‘Syrian refugees’ who went into Europe were actually Syrian."" While the claim isn’t pulled out of thin air, it’s flawed. The statistic represents the three months before the actual influx of Syrian refugees, and the four out of five non-Syrians are not purporting to be Syrian. Rather, they came from war-torn countries. Overall, Syrian refugees account for half of all refugees arriving in Europe in 2015 so far. We rate Huckabee’s claim Mostly False.","The evidence suggests that Huckabee's claim is based on a flawed extrapolation of data from Eurostat, which only represents the situation in a three-month period before the Syrian migrants began arriving in bulk. According to Eurostat's quarterly report and the UN High Commissioner for Refugees' Syria page, asylum seekers from Syria represent half of all refugees when considering the whole picture.",0.680906815803968
"Van de Putte said about 250 Texans have been killed in action since 9/11.That’s off by more than half; 588 Texans perished in action from January 2002 through the most recent Texan's death on Dec. 24, 2012, according to the federal government.The senator likely drew her number from the wrong column on a table. Regardless, what she said rates as False.","The evidence shows that the Department of Defense data indicates 588 Texans were killed in action since 9/11, contradicting Van de Putte's claim that only about 250 Texans have been killed in action during this time. This is confirmed by a table provided by the Defense Manpower Data Center and multiple officials involved in preparing the Senate committee's report on Van de Putte's proposal.",0.6130172674222427
"A chain e-mail circulating in New Jersey claims that Obama has ""added"" $6.5 trillion to the national debt, while his 43 predecessors added $6.3 trillion combined.But the chain e-mail is wrong to suggest the additional debt during Obama’s tenure already has exceeded the level of his predecessors. In terms of both debt held by the public and total debt, the Obama administration has added less debt than the amounts in place when he took office.Still, the national debt is projected to keep increasing. The amount of added debt held by the public may exceed Obama’s predecessors by October 2013, according to White House projections.We rate the statement Mostly False. To comment on this ruling, go to NJ.com.","The evidence provided shows that while President Obama's administration is on track to add nearly $6.5 trillion to the national debt by October 2013, he has not yet added that much debt. Additionally, both forms of national debt had increased under his watch at a slower rate than the initial claim suggests.",0.6787805101228139
"Without Cantor, Maher said, the GOP in Congress is ""now all Christian and all white except for one black senator, who was appointed."" Maher’s show did not respond to a request for comment. If we learned anything from this fact-check, it is that straightforward sounding claims about religion and race are rarely that straightforward. Still, Maher’s unequivocal statement glosses over some diversity within the GOP’s ranks. On religion, Maher's claim comes down to how you view Mormonism. On race, the question is even more murky. There are two members of federally recognized American Indian tribes, which is classified as a race by the U.S. Census Bureau, and there are as many 10 Republicans in the House and Senate with Hispanic roots. Some may consider their race white,Hispanic or something else. Also, Cantor isn’t leaving office until the end of his term in January. It’s possible the November elections will bring non-Christian or non-white Republican members who will take office when Cantor leaves. Maher’s statement is partially accurarebut leaves out important details. We rate itHalf True.","The evidence provided shows that while most Republicans in Congress identify as Christian or Protestant, there are exceptions such as Rep. Tulsi Gabbard (Hindu) and other non-Christian Democrats listed by the Pew Forum on Religion and Public Life report from 2012. However, regarding the claim of all white except for one appointed African-American official, while it is stated that there are no other African-American Republicans in Congress, the evidence also mentions Hispanic Republican senators and representatives, which could be interpreted as not ""all white"".",0.5189023845123523
"Menendez said Kyrillos ""voted to raid the state's pension funds by $2.8 billion that is costing New Jersey taxpayers still today to the tune of nearly $15 billion dollars to repay that money.""Kyrillos voted in favor of borrowing $2.75 billion to put into the state’s pension funds. The move allowed Whitman to avoid nearly $600 million in pension payments that year, but overall, money went into the system, not out of it. To call it a vote to raid pension funds by $2.8 billion is inaccurate.Also, the bonds will cost taxpayers, in total, about $10.1 billion, not $15 billion.We rate this claim False.To comment on this ruling, go to NJ.com.","According to the evidence provided by PolitiFact New Jersey, Kyrillos voted for a plan that authorized the sale of $2.75 billion in bonds, which were deposited in state retirement funds and helped balance then-Gov. Christie Whitman's budget. While it is true that skipping payments into the pension system allowed Whitman to avoid making nearly $600 million in payments, this does not constitute a ""raid"" on the pension funds as Kyrillos put nearly $2.8 billion of borrowed money in the funds. Additionally, the state Treasury Department reports that the bonds will cost $10.1 billion to pay off, not nearly $15 billion.",0.7582699596881867
"Obama said, ""A million people … could get health insurance right away"" if Texas expanded Medicaid as encouraged by the Obamacare law. Estimates show some 1.4 million to 1.7 million would be eligible immediately. We rate his statement as True. TRUE – The statement is accurate and there’s nothing significant missing. Click here for more on the six PolitiFact ratings and how we select facts to check.","The evidence provided quotes President Barack Obama stating ""a million people"" could get health insurance right away if Texas expanded Medicaid under Obamacare. Additionally, the state Health and Human Services Commission estimated that about 1 million adults were already on Medicaid in January 2013. Furthermore, other sources, such as the Urban Institute and Stephanie Goodman's statement, estimate that a significant number of Texans would become eligible for Medicaid if the state opted to expand, with figures ranging from approximately 1.4 million to 1.7 million. These estimates support President Obama's claim.",0.6449489619050707
"Christie said that ""we created as many jobs in the first six months of this year as we did in all of 2011 and 2011 was the best single year for private-sector job growth since the year 2000.""So far this year New Jersey added 39, 600 jobs in total. That’s 8,500 more jobs than the state gained in all of 2011.And in 2011, the state added more private-sector jobs than any year since 2000.The governor earns a True on this claim.To comment on this ruling, go to NJ.com.","The evidence supports the claim that there were as many jobs created in the first six months of 2012 as in all of 2011 (39,600 total vs 31,100), and also supports the claim that 2011 was the best single year for private-sector job growth since the year 2000 with 33,400 new jobs.",0.7824994541131534
"Rubens said when armed civilians stop mass shootings with guns, an average of 2.5 people die; otherwise, an average of 18 people die. One of the most comprehensive studies of recent active shooter events suggests the average of 18 deaths when police stop the shooter is far too high. The study of more than 100 incidents determined the median number of people killed or wounded in all active shooter situations was five. The study documented only nine incidents out of dozens in which the number of people shot was 14 or higher. Conclusions about the number of deaths when an armed civilian takes action are also problematic because very limited data exists. The author of the study agrees it’s logical to assume casualties would be lower when civilians intervene before police arrive, but his research documented very few incidents that were actually stopped because a civilian was carrying a gun. Finally, both Rubens and the internet blogger who first offered the statistics that Rubens cited have acknowledged the figures were incorrect. Rubens has since revised his estimate to be in the range of 2.33 and 14. Overall, this statement is not accurate. We rate this claim False.","The evidence provided presents conflicting information regarding the claim made by Jim Rubens. Initially, Rubens claimed that when armed civilians stop mass shootings with guns, an average of 2.5 people die; otherwise, an average of 18 people die. However, his campaign later acknowledged that these figures were incorrect and stood behind Davi Barker's revised calculations, which put the averages at 2.33 for incidents where civilians stop the shooter and 14.29 for incidents where police stop the shooter. In contrast, Dr. Pete Blair's academic study found that the median number of people shot in active shooter incidents is five (excluding the perpetrator) and that shooting incidents with death tolls above 18 are rare. Additionally, Blair pointed out problems with the terminology used by Rubens and emphasized that the data on armed civilians stopping active shooters is limited, making it difficult to draw conclusions about their effectiveness.",0.6889085659361261
"After a critical article was published about him last week, Tariq El-Shabazz released a statement Friday calling reporter Ryan Briggs racist and of publishing fake news. In his statement, El-Shabazz said the article had incorrectly claimed former client Anthony Brown was given a death sentence and that not a single client of his had ever been sentenced to death. Brown was not given the death penalty. He received a life sentence, andCity & State PAcorrected the error Monday. But a former client of El-Shabazz, Kaboni Savage, received a death sentence. El-Shabazz, however, did not represent Savage in the federal case that led to the sentence. Because he didn’t represent Savage in that case, a spokesperson for El-Shabazz said his claim stands as true. A former trial lawyer and expert on legal ethics agree. But while true in a legal sense, El-Shabazz’s statement needs clarification. We rule the claim Mostly True.","The evidence shows that one of Tariq El-Shabazz's clients, Kaboni Savage, was given a federal death sentence for 12 counts of murder in 2013. Although El-Shabazz did not represent Savage during the federal case, he had previously represented him and was disqualified from representing him due to a conflict of interest. Therefore, it is not accurate for El-Shabazz to claim that none of his clients have ever been sentenced to death.",0.7572491043492368
"An ad from American Crossroads says, ""This is what President Obama said the jobless rate would be if we passed the stimulus: 5.6 percent.""But we find that's a stretch. In the evidence the group provided, Obama doesn’t mention that statistic. Rather, he introduced ""projections"" that included a chart showing the jobless rate falling to 5.6 percent under a recovery plan. The report highlighted the estimates’ ""significant margins of error"" and high uncertainty due to a recession that was ""unusual both in its fundamental causes and its severity."" The economy was, in fact, much worse than economists knew. The chart is now infamous, but it was never pitched as a promise. We rate the statement Mostly False.","According to a January 9, 2009 report prepared for President-elect Obama, and his speech introducing the report, the jobless rate was projected to be around 5.6 percent in mid 2012 with a stimulus plan. The language used was cautious, referring to ""projections"" and warning about ""significant margins of error.""",0.6585101294190916
"Ernst said that ""Iowa has the fourth fastest-growing personal income in the United States, while nationally, the real wage has decreased over the past eight years that Congressman Braley has been there by 2.7 percent."" Iowa did rank fourth nationally in personal income growth, but only for the most recent quarter, and when compared to earlier quarters, this high rate seems like a statistical anomaly. Meanwhile, she’s wrong that real wages declined by 2.7 percent over the past eight years, although she does have a point that Iowa did somewhat better on this score than did the nation as a whole. Equally problematic, Ernst’s comparison between Iowa’s economy and the nation’s is questionable because it appears to compare quarterly data for one statistic to eight years of a different statistic. Economists say this isn’t a sound method. The claim contains an element of truth but ignores critical facts that would give a different impression, so we rate it Mostly False.","The claim ""Iowa has the fourth fastest-growing personal income in the United States"" is supported by evidence from the Bureau of Economic Analysis, showing Iowa's 2.4% increase in personal income over the previous quarter in 2014 ranks fourth among all states, beating three other states including Nebraska and North Dakota. However, the evidence also suggests that this achievement may not be as significant as it seems when looking at longer periods of time, such as full-year periods from 2011 to 2013, which show Iowa ranking lower nationally in terms of percentage change in personal income. The claim ""nationally, the real wage has decreased over the past eight years … by 2.7 percent"" is disputed by evidence from the Bureau of Labor Statistics, showing no significant decrease in median weekly earnings between 2006 and 2013.",0.6781281343840678
"There’s a slight snag in the first part of the Virginia Interfaith Center’s claim that, in 1968, a full- time minimum wage earner could support a household of three above the poverty line. The wage was bifurcated then. The majority earning $1.60 an hour could support a family of three, but a small group of workers qualifying for $1.15 an hour would have lived below the poverty line The second part of the center’s claim -- that a full-time worker today could not raise a family of two on the minimum wage of $7.25 an hour -- holds up. Clearly, the buying power of the minimum wage has decreased in recent decades. The center tried to illustrate that point with a statement that is accurate but needs a little clarification. So we rate its claim Mostly True.","While evidence suggests that in 1968, a full-time worker earning minimum wage could support a family of three above the poverty line (given the correct hourly rate and calculation), it also shows that a small group of employees could be paid as little as $1.15 an hour, which would have fallen below the poverty line for a three-person household. Additionally, in modern times, it is stated that a full-time minimum wage earner makes $15,080 a year, which falls slightly below the average 2013 poverty threshold for a family of two ($15,156).",0.7754750509805317
"Northam said with decontamination systems being set up in Virginia, ""PPE can be decontaminated and reused 20 times without degrading."" The systems are excellent news for Virginia which, like practically all states, has struggled to acquire N95 masks for medical workers. But the governor’s words are still rosy. The FDA, in its letter of emergency approval, said the decontamination system ""may be effective"" safely recycling masks up to 20 times, but warned the process should only be used when there are ""insufficient (new) supplies."" Some early research suggests the structure of the masks may be compromised through the repeated process, making them less-secure fits on faces. So Northam’s statement is partially accurate, but leaves out important details. We rate it Half True.","The evidence provided shows that the Battelle Memorial Institute's decontamination systems can effectively clean N95 face masks up to 20 times without degrading their performance, allowing them to be reused multiple times. This is confirmed by Governor Northam's statement and supported by technical details from the FDA and expert opinions, although it is noted that this method should only be used as a crisis measure due to limitations in research and variability in mask effectiveness.",0.6249483721596855
"Rubio said that ""for the first time in 35 years, we have more businesses dying than we do starting."" The change didn’t happen in the past year or two -- it occurred in 2008 -- but in general, Rubio has accurately cited a statistic from a respected think tank’s report. The co-author of that report said he feels Rubio has stated the claim accurately. We rate Rubio’s claim True.","The Brookings Institution's 2014 report, titled ""Declining Business Dynamism in the United States,"" provides data from the Business Dynamics Statistics that supports Rubio's claim. According to the report, the entry rate of new firms declined by nearly half between 1978 and 2011, and for the first time in the 30-plus-year history of the data, business deaths now exceed business births. This is further confirmed by Litan, one of the coauthors of the report, who stated that Rubio's claim is accurate.",0.6373803086819188
"The Save My Care ad says that Curbelo voted for a health care bill that will let insurance companies ""charge five times more for people over 50."" The ad refers to a provision that will allow insurance companies to charge adults five times more for insurance than younger people buying on the individual market. But the ad could leave a misleading impression that it’s five times more than the current situation -- and that’s not the case. Under the Affordable Care Act, insurers were allowed to charge this age group three times as much for insurance (which was considered a better deal than the situation before). Also, the increase in the ratio applies to Americans ages 50-64 -- not seniors who are on Medicare. We rate this claim Half True.","The evidence shows that under current law, insurance companies can charge older adults up to three times as much as younger people. However, the House bill increases this ratio up to five times starting in 2018, unless states set a different age ratio. This means that if the House bill were to become law, older adults would pay more for health insurance compared to current law.",0.6087571635212696
"Gingrich said that ""gangs have increased by 40 percent since this president was elected."" Gingrich deserves credit for using statistics from a credible federal agency, but it’s important to note that methodological difficulties make it hard for anyone, even the FBI, to determine how many gang members there are in the United States. Criminologists express skepticism about whether gang membership could have jumped 40 percent in just two years, saying that broader crime statistics don’t show any sign of it. In addition, despite the Gingrich camp’s insistence that he did not mean to cast blame on Obama for the rise in gang membership, we think that a reasonable viewer of the discussion could have made such an inference. On balance, we rate the claim Half True. ","The evidence provides both support and criticism of Gingrich's claim that gangs have increased by 40 percent since this president was elected. On one hand, the FBI study quoted by Gingrich in his op-ed does show a 40 percent increase in gang members from 2009 to 2011. However, experts and criminologists raise several concerns about the reliability of these statistics, including uncertainty about the survey's sample size and accuracy, potential for institutional bias, and the difficulty of defining who counts as a gang member. They also point out that crime rates have not increased significantly in this period, which contradicts the idea of a 40 percent increase in gang activity.",0.7262026885936135
"Sanders said, ""Puerto Rico’s $70 billion debt is unsustainable and it is unpayable. And the reason why it is unsustainable has everything to do with the greed of Wall Street vulture funds."" Puerto Rico’s debt was already unsustainable by the time Wall Street hedge funds and banks began playing a role as a result of decades of local mismanagement, U.S. policy and economic misfortune. But Sanders has a point that the financial sector has taken advantage of and is excerbating the situation. What's more, they're effectively preventing crisis relief byactively working to stop Puerto Rico from restructuring its debt. We rate his claim Half True.","The claim that Puerto Rico's $70 billion debt is unsustainable and unpayable due to the greed of Wall Street vulture funds has some truth, but it is not entirely accurate. While it is true that Puerto Rico's debt is unsustainable and Wall Street has profited from it, the evidence suggests that the debt was accumulating long before Wall Street got involved. The island's debt is attributed to a combination of US policy, local mismanagement, economic decline, and poor management decisions made by the government over the years. While Wall Street has certainly exacerbated the situation and is benefiting from it, they did not cause the problem alone.",0.6440454400657268
"Make no mistake: Crist is ripe for attacks about flip-flopping. We've already pretty much written a book about it, noting that his position on oil drilling has shifted, as has his position on the federal health care bill. He once said that he wouldn't run for Senate as an independent, and then said he would support the Republican nominee.But this fact check is about more than flip-flopping. It's about Crist attacking Rubio for the very same positions Crist held just six months ago.There, the case is much more difficult to make.When it comes to health care, Social Security, immigration, embryonic stem cell research and Roe vs. Wade, we find Crist's positions are either unchanged, or he hasn't used them as a line of attack against Rubio.But gay adoption is a slightly different story. Crist said he supported keeping the gay adoption ban in place as a Republican as recently as eight months ago, but now says he supports the ban being lifted. And he's using that new position to link Rubio to a tea party favorite like Jim DeMint in order to bolster the argument that Rubio's extreme.The caveat is that as far back as 2006 Crist was accused by Republicans of supporting gay adoptions in Florida and has given differing statements on the issue. In that case, Crist's flip-flopping helps his argument.Overall, we think Rubio's statement contains some element of truth but ignores critical facts that give a different impression. So we rate this claim Barely True.","The article provides evidence showing that Charlie Crist's statements on various issues, such as Social Security, health care, and stem cell research, are consistent between March 2010 (when he was running in the Republican primary) and October 2010 (after switching to an independent candidate). In fact, the only policy difference PolitiFact Florida could find came from Crist's discussion of the federal health care bill.",0.571449201722299
"Ojeda tweeted that ""75-100 folks (are) killed a month and over 200 wounded by senseless gun violence."" In fact, Ojeda understated the number of deaths and injuries from guns. His numbers are roughly right for gun deaths and injuries per day, rather than per month. We rate his statement Mostly False.","The evidence shows that according to the Centers for Disease Control and Prevention's data, there were 3,314 total gun-related deaths nationally per month in 2017, which is much higher than Ojeda's estimate of 75-100 per month. Additionally, there were 7,083 non-fatal injuries by guns nationally per month, also exceeding Ojeda's claim of 200.",0.733602715370267
"Grimes said McConnell voted ""three times for corporate tax breaks that send Kentucky jobs overseas."" The ad makes it seem like McConnell voted to approve corporate tax breaks that incentivize outsourcing. Actually, he voted ""no"" on legislation that would have eliminated the standard business expense deductions -- which exist for all businesses -- for costs associated with outsourcing. (Current law includes no provision that specifically addresses insourcing or outsourcing.) These bills had little chance of passing, and they were largely symbolic.We rate this claim Mostly False.","The claim that Mitch McConnell voted ""three times for corporate tax breaks that send Kentucky jobs overseas"" is false because, according to the evidence, the votes McConnell cast were actually on legislation to close already-existing corporate tax deductions, not specifically to incentivize outsourcing. These deductions do not pertain to outsourcing and would have only resulted in a minuscule amount of revenue loss.",0.7288607629140218
"Patterson’s reference to 22 percent in earnings over the 12 months running through March 2012 does not account for reduced earnings from nearly $1.2 billion in cash-on-call money supporting the agency’s real estate investments. That clarification would be helpful, though it still seems reasonable, overall, to focus on the portion of the portfolio that would be expected to reap sizable gains. Separately, the claim seems to reflect the annual earnings on the rainy day fund, though the commissioner’s March-to-March time period does not match the calendar-year approach used by the state comptroller.We rate the statement as Mostly True.","The evidence supports that a portfolio managed by the Texas General Land Office earned 22 percent last year, as stated in a report dated Sept. 1, 2012, which shows gross ""time-weighted"" returns on the portfolio in the 12 months through March amounted to nearly 22.9 percent.",0.44182224693432665
"A teacher in western North Carolina said he makes $53 a day, spurring politicians to use his claim to support their position that teachers across the state are underpaid. The difference between what the teacher claimed and what the records show is about $26.76. In other words, his daily pay in April was about 50 percent higher than he claimed it was. What teachers make is an important debate — one that should be won or lost on solid numbers. There are many ways of illustrating a correct number, but the $53/day is not the poster child it was made out to be. We rate this statement False.","The evidence provided by PolitiFact shows that Nick Cols' (Brandes') take-home pay for April was actually $1,715, which is roughly equivalent to $79.76 per day based on 21.5 days of work in April. This contradicts his claim of being paid ""roughly"" $53 a day.",0.5931985755400224
"In December, Daniel Harrop said, ""We see a quarter billion dollars in a pension fund that needs to be funded at $1.2 billion."" Harrop was citing numbers from different sources and different years, and those numbers are moving targets. They all support his underlying point: Providence's pension program is woefully underfunded, even with recent concessions negotiated with the city's unions. Based on the latest report of the city's actuary, which was not available at the time Harrop made his statement, the candidate was correct on his $1.2 billion figure. At the same time, there was significantly more than a quarter billion dollars set aside in the city's coffers for pension costs. But the number he cited accurately reflected the approximate amount the city had in its investment portfolio. On balance, we rate his statement Mostly True. (If you have a claim you’d like PolitiFact Rhode Island to check, email us at [emailprotected] And follow us on Twitter: @politifactri.","The evidence shows that on June 30, 2013, the Providence pension fund had $336 million in assets, which includes $247 million in investments and other assets, $59 million paid into the fund, $3 million in cash, and $26 million owed to the fund from loans. This is close to Harrop's claim of a quarter-billion dollars in a pension fund that needs to be funded at $1.2 billion.",0.685744456354394
"Fiorina said Trump was ""forced to file for bankruptcy not once, not twice, four times."" While it is accurate that Trump filed Chapter 11 bankruptcy four times, Fiorina’s statement doesn’t tell the whole story. In context, Fiorina’s phrasing suggests Trump was personally responsible for the failures of these businesses, but in reality, much was out of Trump’s control -- such as a struggling casino industry. But Trump is certainly not blameless. We rate Fiorina’s statement Mostly True.","According to the evidence, it is stated that Trump was forced to file for Chapter 11 reorganization four times by his businesses: The Trump Taj Mahal (1991), Trump Plaza Hotel (1992), Trump Hotels and Casinos Resorts (2004), and Trump Entertainment Resorts (2009). This information comes from credible sources such as news reports, ABC News, the Associated Press, and interviews with finance experts.",0.41455863784935515
"Reid has said Romney paid no taxes for 10 years. It was no slip of the tongue. He repeated the claim on at least two more occasions, at one point saying that ""the word is out"" when in fact it was only Reid who put that ""word"" out. Reid has produced no evidence to back up his claim other than attribution to a shadowy anonymous source. Romney has denied the claim, and tax experts back him up, saying that the nature of Romney's investments in Bain make it highly unlikely he would have been able to avoid paying taxes altogether -- especially for 10 years. Reid has made an extreme claim with nothing solid to back it up. Pants on Fire!","Despite Reid repeating the claim on multiple occasions, he did not provide any solid evidence to support it, relying solely on an anonymous source. Furthermore, the provided tax studies and expert opinions suggest that paying zero taxes for one year, let alone 10 years, is highly unlikely for someone with Romney's income level and financial situation.",0.7578949598705067
"Hassan said Ayotte voted six times to defund Planned Parenthood. Ayotte has been a consistent critic of Planned Parenthood and has shown support for defunding the organization or opposition to continued funding in at least six votes. It’s worth noting that some were procedural votes and several were much larger bills that included a provision on Planned Parenthood funding. Hassan’s claim is accurate, but needs clarification. We rate her statement Mostly True.","The evidence provided shows that Senator Kelly Ayotte has indeed voted against Planned Parenthood funding six times, as claimed by Governor Maggie Hassan. The article lists the specific votes where Ayotte supported bills or amendments that aimed to block or defund Planned Parenthood. While it is noted that some of these votes were procedural and not all offered a clean up-or-down funding decision, the article concludes that the evidence supports Hassan's claim.",0.6836311649103634
"A meme suggests a Texas rapper charged with capital offenses faces the death penalty while the alleged shooter in the Santa Fe school faces prison only and then parole after 40 years -- even though both are 17. That disparity isn’t backed up by state laws which, in compliance with Supreme Court rulings, potentially subject both the rapper and the alleged school shooter to sentences of life in prison with parole possible after 40 years. U.S. juveniles haven’t been subject to death sentences since the high court ruled out that prospect in 2005. We rate this meme False. FALSE – The statement is not accurate. Click here for more on the six PolitiFact ratings and how we select facts to check.","The evidence shows that, according to a 2005 U.S. Supreme Court ruling (Roper vs. Simmons) and subsequent Texas state law, juveniles under 18 cannot be sentenced to death for capital crimes. Additionally, the law in Texas mandates that juveniles convicted of capital offenses serve at least 40 years before qualifying for parole, but this does not mean they will automatically receive parole after 40 years.",0.6070666403383822
"Progress Texas has twice said that two-thirds of the groups whose applications for tax-exempt status were scrutinized by the IRS were not conservative. The group’s fraction appears to be an unsupported assumption tied to a government report saying that 96 of 298 IRS-scrutinized organizations, or about a third, had ""tea party,"" ""patriot"" or ""9/12"" in their names. The report listed other criteria the IRS used, some of which appeared to be aimed at conservatives. But the report has no information on the political makeup of the other groups, and we see no other indications that their political leanings have been authoritatively summed up or individually revealed, though the IRS has said the scrutinized groups without ""tea party"" in their names reflected ""all political views,"" which presumably would fold in liberals to moderates to conservatives. Progress Texas’ claim shakes out as incorrect and, given the lack of backup documentation, ridiculous. Pants on Fire!","The claim suggests that two-thirds of groups targeted by the IRS were not conservative. However, evidence provided shows that out of the 298 groups scrutinized, 96 had ""tea party,"" ""patriot,"" or ""9/12"" in their title, which equals 32.2% being conservative groups specifically flagged for extra scrutiny due to these terms. The claim also relies on a Washington Post story that does not provide information about the other 202 groups targeted by the IRS. Additionally, the IRS commissioner and inspector general's testimony suggest that the criteria used to determine eligibility was based on indications of significant political campaign intervention, not political affiliation. Therefore, it cannot be determined for certain whether two-thirds of the groups targeted were or were not conservative based solely on the provided evidence.",0.5989836712678274
"California state Assemblywoman Melissa Melendez recently claimed Gov. Jerry Brown’s budget is ""diverting 30 percent of funding from the gas tax to non-road related projects like building parks and job training for felons."" There’s some truth to her claim: The governor’s May budget shows about 30 percent of the revenue from this transportation measure goes to categories that won’t directly improve roads for cars and trucks, as dictated by the law Brown signed in April. Most of that 30 percent goes to bicycle, transit and rail projects. Melendez, however, cherry-picked two programs -- parks and workforce training -- that represent less than 3 percent of the overall funding. Melendez’s statement also ignores the fact that roads will see an increased share of the overall funding in future years. Additionally, it’s misleading and simply not accurate for Melendez to say this money is being ‘diverted’ when Brown’s budget proposes to spend the money exactly as outlined in the bill he signed and the Legislature passed a month earlier. There should be no surprise, at this point, that the measure required funding for transit programs, railways and bicycle and pedestrian paths. The smaller spending on parks, universities and workforce development may raise eyebrows, but was also authorized by SB 1. Melendez’s overall statement contains an element of truth but ignores critical facts that would give a different impression. We rate her claim Mostly False. MOSTLY FALSE –The statement contains some element of truth but ignores critical facts that would give a different impression. Click here formoreon the six PolitiFact ratings and how we select facts to check.","The evidence shows that while 29 percent of the new transportation revenue is being allocated to non-road related projects such as parks, rail, transit, and workforce development, this does not equate to ""diverting"" 30 percent of funding away from its intended purpose. Additionally, these categories are not entirely unrelated to road projects, as some programs are intended to support transportation-related research or prepare workers for jobs created by the transportation spending.",0.5775414064414519
"The meme said that ""in 1978, a student who worked a minimum-wage summer job could afford to pay a year's full tuition at the 4-year public university of their choice."" If you use the national average the figure is correct. The only problem is the part about a university ""of their choice."" The data is correct for in-state tuition -- not for any university in the country, where out-of-state rates may well have kicked up the tuition amount beyond a summer’s minimum-wage haul. On balance, we rate the claim Mostly True. CORRECTION: After we published this article, a reader noticed that we had used the incorrect tuition figure from the National Center for Education Statistics chart. This version uses the correct figure. The rating remains at Mostly True.","According to the evidence from the National Center for Education Statistics and OurTime.org, a minimum-wage summer job in 1978 could cover a year's full in-state tuition ($688) at a 4-year public university.",0.6272598589880992
"The American Petroleum Institute recently released a series of press releases, drawing attention to the economic impact of the oil and gas industry on every state. Georgia, it said, has 141,600 jobs provided or supported by oil and gas. A 2011 report by PricewaterhouseCoopers backs up the number by looking at direct positions in the industry, supportive jobs and, accounting for most of the workers, all of the positions created from the industry and its supply chain. The math and economics are right – to a point. But careful examination of the report shows that 68 percent of the jobs counted as directly working in the oil and gas industry could just as easily be classified as retail workers. Adjusting the base number up by 29,146 workers, then, amplifies the number of jobs that support the industry or caters to its whims. The report is clear that it counts those positions, though. And the claim takes care to say the industry ""supports"" that large number of workers. It’s accurate, but somewhat misleading. We rate the claim Mostly True.","The claim is supported by a 2013 report commissioned by the American Petroleum Institute from PricewaterhouseCoopers, which estimates that the oil and natural gas industry provides or supports 141,600 jobs in Georgia. This estimate is based on data from the U.S. Bureau of Economic Analysis and Labor Statistics, as well as commonly accepted input-output models to show the relationships between industries. While one economist questioned the inclusion of some service station employees, this does not seem to significantly impact the overall job estimate.",0.5553284555974632
"Grayson's ad is unintentionally ironic in that Webster's ""stairway to nowhere"" actually now is a stairway to nowhere, as it'sbolted to the ground of a seldom-used closet. The stairway leads to a concrete ceiling, which now serves as the floor of an office above. Those changes were made by Marco Rubio in 2006. The stairs haven't been used since then. But that's not how Webster left it.When he became speaker in 1996, Webster did what most every speaker has done in recent times -- he spent taxpayer money on House renovations. The amount has varied wildly over the years depending on the size of the renovation.Among the $100,000 or so Webster spent, he allocated just under $32,000 for a plain spiral staircase to internally link the Speaker's Office with the House Republican Offices below.While Grayson's ad is correct on the reported dollar amount and the type of staircase, we think it's slightly misleading for two reasons. First, the imagery displayed suggests an ornate staircase when the staircase is far from ornate and only a spiral staircase by necessity. Second, it fails to provide the context that most every speaker spends taxpayer dollars on renovations, and several spent more than Webster. We rate the claim Mostly True.Now cue the Led Zeppelin ... (Update Sept. 1: We reached out to the Webster campaign before publishing this story via phone and e-mail, but did not hear back. After publication, Webster spokesman Brian Graham said in an e-mail that the staircase actually cost less than published reports. The original construction contract was for $28,126. The state paid even less, $22,242, Graham said). (Update Sept. 3: We noticed that the Grayson ad has been removed from his You Tube web page. We're not sure why).","According to evidence from the Florida House Majority Office and newspaper accounts, Daniel Webster spent $31,983 on a spiral staircase as part of renovations to House facilities in his first months as speaker. However, the claim that he wasted $32,000 on a ""stairway to nowhere"" is incorrect because the staircase was built to connect the Republican Majority Office with the Speaker's Office and was used by Webster and other legislators. The staircase has since been closed off during renovations and is no longer in use, but it was not entirely abandoned as implied by the claim.",0.6964442958754877
"Yoest said 1,270 infants in 2010 ""were reported to have died following attempted abortions."" The figure is based on an ""other"" category of perinatal deaths, but it does not mean what she says it means. Included in this category are babies who die of various other issues, mainly heart problems. We rate her statement False.","The evidence provided contains conflicting information regarding the source of the number 1,270. While Charmaine Yoest claims the figure comes from the Centers for Disease Control and Prevention (CDC), the CDC's own data does not support this claim. The CDC collects data on the number of legal induced abortions performed each year, but does not collect data on infants who die after surviving abortion attempts. Additionally, neither the Alan Guttmacher Institute nor the CDC has published its 2010 data for abortions, including the figure in question. However, a committee analysis suggests that Rep. Cary Pigman may have used a CDC report of 1,270 deaths categorized as ""other perinatal conditions"" to support his legislation. This report does not explicitly state whether these deaths are due to abortion or other circumstances. Therefore, it is unclear where the number 1,270 originates from, and whether it specifically refers to infants who die after surviving abortion attempts.",0.4842602815720942
"Abbott said Sheriff Hernandez refuses to enforce 8 USC 1373. Given the sheriff’s policy against automatically granting federal requests to detain immigrant-inmates or using personnel to enforce immigration laws, we can see how someone might speculate about the sheriff not enforcing, or complying with, the cited law about easing the flow of information about immigration or citizenship statuses. But Abbott didn't back up his claim, which also wasn’t explicitly borne out by ICE. Notably too, the sheriff's policy was expanded before Abbott leveled his claim to specify that it shouldn't be read as slowing or stopping any information flow between office personnel and ICE regarding the legal status of individuals. We rate this claim False. FALSE – The statement is not accurate. Click here for more on the six PolitiFact ratings and how we select facts to check. ","The claim that Travis County's sheriff refuses to enforce 8 USC 1373 can be supported by different evidence. On one hand, the sheriff's policy seems to limit detainer requests and prohibits employees from inquiring into immigration status or providing information on a person's release date or address to ICE, which could conflict with the intent of the statute. On the other hand, the sheriff's office claims that they are complying with 8 USC 1373 by sharing vital information about inmates, including fingerprints and other identifying characteristics, electronically with federal agencies, including ICE. Additionally, a revised section in the policy, added on January 31, 2017, explicitly states that nothing in the policy shall be construed to prohibit or restrict sending information to or requesting or receiving information from ICE regarding an individual's immigration or citizenship status.",0.6129523325189251
"Rock the Vote said ""50% of #millennials don't associate w/ any political party."" The group quoted a Pew study that showed half of millennials don’t self-identify with either major political party. However, that statement could create a misleading impression that their vote is up for grabs and they have no leanings, and that’s not the case. Half of millennials identify as Democrats or say they lean toward the Democratic Party, which is 16 points greater than the percentage who identify or say they lean Republican, Pew found. Other data and polling experts suggest millennials lean decisively toward Democrats, even when they identify as independents. We rate this claim Half True.","The evidence from the Pew Research Center's survey and other studies shows that 50 percent of millennials self-identify as political independents, but a follow-up question reveals that among these individuals, 44 percent lean towards the Democratic Party and 31 percent lean towards the Republican Party. This suggests that while they may not associate with any party, their actual partisan leanings are skewed more towards the Democratic Party than the Republican Party.",0.7204876021662755
"Trump said ""Ambassador Stevens sent 600 requests for help."" There certainly were many requests for security improvements at the mission. But Trump goes way over the line, citing a graph that includes a period when Stevens wasn't even the ambassador and doesn't differentiate between actual requests for improved security and follow-up correspondence. The highest the number could be, according to that data, is 205 and there's no evidence that those ""requests and concerns"" — which may include duplicates — were even sent by Stevens. We rate his statement Mostly False. ","The evidence shows that the Republicans' count is 569 security requests or concerns from Benghazi to the State Department, accumulated over nine months, and not 600 as claimed by Trump. Additionally, even if every one of those requests originated from Stevens, which is unlikely according to the investigation, the highest number Trump could cite would be 205 since Stevens wasn't sworn in until May 2012.",0.6604111162194035
